<?xml version="1.0" encoding="UTF-8"?>
<!DOCTYPE mapper PUBLIC "-//mybatis.org//DTD Mapper 3.0//EN" "http://mybatis.org/dtd/mybatis-3-mapper.dtd">
<mapper namespace="sinosoft.project.dao.QcMainListMapper">
  <resultMap id="BaseResultMap" type="sinosoft.project.entity.QcMainList">
    <id column="id" jdbcType="VARCHAR" property="id" />
    <result column="doccode" jdbcType="VARCHAR" property="doccode" />
    <result column="mainpoint_ids" jdbcType="VARCHAR" property="mainpointIds" />
    <result column="describe_ids" jdbcType="VARCHAR" property="describeIds" />
    <result column="remarks" jdbcType="VARCHAR" property="remarks" />
    <result column="status" jdbcType="VARCHAR" property="status" />
    <result column="verdict" jdbcType="VARCHAR" property="verdict" />
    <result column="create_datetime" jdbcType="TIMESTAMP" property="createDatetime" />
    <result column="modify_datatime" jdbcType="TIMESTAMP" property="modifyDatatime" />
    <result column="operator" jdbcType="VARCHAR" property="operator" />
    <result column="AGENTID" jdbcType="VARCHAR" property="agentid" />
  </resultMap>
  <sql id="Base_Column_List">
    id, doccode, mainpoint_ids, describe_ids, remarks, status, verdict, create_datetime, 
    modify_datatime, operator, AGENTID,BUSINESSNO
  </sql>
  <select id="selectByPrimaryKey" parameterType="java.lang.String" resultMap="BaseResultMap">
    select 
    <include refid="Base_Column_List" />
    from es_qc_main_list
    where id = #{id,jdbcType=VARCHAR}
  </select>  
  <select id="queryByBusno" parameterType="java.lang.String" resultMap="BaseResultMap">
  		select 
    <include refid="Base_Column_List" />
    from es_qc_main_list
    where BUSINESSNO = #{businessno,jdbcType=VARCHAR} and status='1'
  </select>
  <insert id="insertQCMainList" >
    insert into es_qc_main_list

      <trim prefix="(" suffix=")" suffixOverrides=",">
        <if test="id != null">
          id,
        </if>
        <if test="qcid != null">
          qcid,
        </if>
        <if test="doccode != null">
          doccode,
        </if>
        <if test="businessno != null">
          businessno,
        </if>
        <if test="issuetypes != null">
          issuetypes,
        </if>
        <if test="issuedesc != null">
          issuedesc,
        </if>
      </trim>
      <trim prefix="values (" suffix=")" suffixOverrides=",">
        <if test="id != null">
          #{id,jdbcType=VARCHAR},
        </if>
        <if test="qcid != null">
          #{qcid,jdbcType=VARCHAR},
        </if>
        <if test="doccode != null">
          #{doccode,jdbcType=VARCHAR},
        </if>
        <if test="businessno != null">
          #{businessno,jdbcType=VARCHAR},
        </if>
        <if test="issuetypes != null">
          #{issuetypes,jdbcType=VARCHAR},
        </if>
        <if test="issuedesc != null">
          #{issuedesc,jdbcType=VARCHAR},
        </if>
      </trim>
    </insert>

  <delete id="deleteQcMainListByDoccodeAndBussno" parameterType="java.lang.String">
    delete from es_qc_main_list where doccode = #{doccode,jdbcType=VARCHAR}
    and businessno = #{businessno,jdbcType=VARCHAR}
  </delete>
</mapper>