<?xml version="1.0" encoding="UTF-8"?>
<!DOCTYPE mapper PUBLIC "-//mybatis.org//DTD Mapper 3.0//EN" "http://mybatis.org/dtd/mybatis-3-mapper.dtd">
<mapper namespace="sinosoft.project.dao.QcMainMapper">
  <resultMap id="BaseResultMap" type="sinosoft.project.entity.QcMain">
    <id column="id" jdbcType="VARCHAR" property="id" />
    <result column="doccode" jdbcType="VARCHAR" property="doccode" />
    <result column="mainpoint_ids" jdbcType="VARCHAR" property="mainpointIds" />
    <result column="describe_ids" jdbcType="VARCHAR" property="describeIds" />
    <result column="remarks" jdbcType="VARCHAR" property="remarks" />
    <result column="status" jdbcType="VARCHAR" property="status" />
    <result column="verdict" jdbcType="VARCHAR" property="verdict" />
    <result column="create_datetime" jdbcType="TIMESTAMP" property="createDatetime" />
    <result column="modify_datatime" jdbcType="TIMESTAMP" property="modifyDatatime" />
    <result column="operator" jdbcType="VARCHAR" property="operator" />
    <result column="AGENTID" jdbcType="VARCHAR" property="agentid" />
  </resultMap>
  <sql id="Base_Column_List">
    id, doccode, mainpoint_ids, describe_ids, remarks, status, verdict, create_datetime, 
    modify_datatime, operator, AGENTID,BUSINESSNO
  </sql>
  <select id="selectByPrimaryKey" parameterType="java.lang.String" resultMap="BaseResultMap">
    select 
    <include refid="Base_Column_List" />
    from es_qc_main
    where id = #{id,jdbcType=VARCHAR}
  </select>  
  <select id="queryByBusno" parameterType="java.lang.String" resultMap="BaseResultMap">
  		select 
    <include refid="Base_Column_List" />
    from es_qc_main
    where BUSINESSNO = #{businessno,jdbcType=VARCHAR} and status='1'
  </select>
  <select id="selectCountQc" resultType="sinosoft.project.qcac.vo.QcMainVo">
  		select id from es_qc_main where businessno=#{0}
  </select>
  <select id="selectByStatus" parameterType="java.lang.String" resultMap="BaseResultMap">
  		select 
    <include refid="Base_Column_List" />
    from es_qc_main
    where id = #{id,jdbcType=VARCHAR} and status='1'
  </select>
  <select id="selectBussno" resultType="java.lang.String">
  		select BUSINESSNO from es_video_main where doccode=#{0}
  </select>
  <select id="selectByDoccode"  resultType="sinosoft.project.qcac.vo.QcMainVo" parameterType="map">
  	select * from (select "OPERATOR" id,to_char(inspectdate, 'yyyy-MM-dd hh24:mi:ss' ) "date" ,
				remarks,status,verdict from es_qc_main where doccode = #{doccode}
		UNION ALL
		select * from (select 
			 	  es.qcoperator id,
				to_char(es.inspectdate,'yyyy-mm-dd hh24:mi:ss') "date",BACKREMARKS remarks,status,  
			    es.verdict  
    			from es_qc_back es where doccode = #{doccode} )) order by "date" desc
  	<!-- select "OPERATOR" id,to_char(inspectdate, 'yyyy-MM-dd hh24:mi:ss' ) "date" ,
				remarks,status,verdict from es_qc_main where doccode = #{doccode}
		UNION ALL
		select * from (select 
			 	(select user_name from sys_user su where  es.qcoperator=su.user_id) id,
				to_char(es.inspectdate,'yyyy-mm-dd hh24:mi:ss') "date",BACKREMARKS remarks,status,  
			    es.verdict  
    			from es_qc_back es where doccode = #{doccode} order by "date" desc) -->
  
  		<!-- select id,businessno,doccode,remarks,status,verdict,"OPERATOR",agentid,to_char(inspectdate, 'yyyy-MM-dd hh24:mi:ss' ) "date" from es_qc_main where doccode like '%'||#{doccode}||'%' ORDER BY id+0 DESC -->
  </select>
  <select id="selectByBussno"  resultType="sinosoft.project.qcac.vo.QcMainVo" parameterType="map">
  		select id,businessno,doccode,remarks,status,verdict,"OPERATOR",agentid,to_char(modify_datatime, 'yyyy-MM-dd hh24:mi:ss' ) "date" from es_qc_main where BUSINESSNO=#{buno}
  </select>
  <select id="selectMaxId" resultType="java.lang.String">
  		select max(id) id from es_qc_main 
  </select>
  <select id="queryQCPointDEsc" parameterType="java.lang.String"  resultType="sinosoft.project.qcac.vo.QcMainVo">
  		select id,businessno,doccode,remarks,status,verdict,"OPERATOR",agentid,to_char(modify_datatime, 'yyyy-MM-dd hh24:mi:ss' ) "date" from es_qc_main where doccode=#{0} and status='2'
 
  </select>
  <select id="queryQCPointFlsg" parameterType="java.lang.String"  resultType="sinosoft.project.qcac.vo.QcMainVo">
  		select id,businessno,doccode,remarks,status,verdict,"OPERATOR",agentid,to_char(modify_datatime, 'yyyy-MM-dd hh24:mi:ss' ) "date" from es_qc_main where businessno=#{0} and status='2'
 
  </select> 
  <select id="queryQCPointFlsgSecond" parameterType="java.lang.String"  resultType="sinosoft.project.qcac.vo.QcMainVo">
  		select id,businessno,doccode,remarks,status,verdict,"OPERATOR",agentid,to_char(modify_datatime, 'yyyy-MM-dd hh24:mi:ss' ) "date" from es_qc_main where businessno=#{0} and status='1'
 
  </select>
  <delete id="deleteByPrimaryKey" parameterType="java.lang.String">
    delete from es_qc_main
    where id = #{id,jdbcType=VARCHAR}
  </delete>
  <delete id="deletebybusinessno" parameterType="java.lang.String">
    delete from es_qc_main
    where businessno = #{businessno,jdbcType=VARCHAR}
  </delete>
  <delete id="cztruble">
  	delete from la_troubleinfo where businessno=#{0} and status='0'
  </delete>
  <insert id="insert" parameterType="sinosoft.project.entity.QcMain">
    insert into es_qc_main (id, doccode, mainpoint_ids, 
      describe_ids, remarks, status, 
      verdict, create_datetime, modify_datatime, 
      operator, AGENTID)
    values (#{id,jdbcType=VARCHAR}, #{doccode,jdbcType=VARCHAR}, #{mainpointIds,jdbcType=VARCHAR}, 
      #{describeIds,jdbcType=VARCHAR}, #{remarks,jdbcType=VARCHAR}, #{status,jdbcType=VARCHAR}, 
      #{verdict,jdbcType=VARCHAR}, #{createDatetime,jdbcType=TIMESTAMP}, #{modifyDatatime,jdbcType=TIMESTAMP}, 
      #{operator,jdbcType=VARCHAR}, #{agentid,jdbcType=VARCHAR})
  </insert> 
  <!-- 查询上次质检时间 --> 
  <select id="selectinspectdate" resultType="java.lang.String">
  		select inspectdate from es_qc_main where businessno=#{0} and rownum&lt;=1
<!--   		select TO_CHAR(inspectdate,'yyyy-mm-dd hh24:mi:ss') inspectdate from es_qc_main where businessno=#{0} and rownum&lt;=1 -->
  </select>
   <!-- 查询备注 --> 
  <select id="selectRemarks" resultType="java.lang.String">
  		select remarks from es_qc_main where businessno=#{0} and rownum&lt;=1
  </select>
<!--   质检回退表记录 -->
   <insert id="insertQCBack" parameterType="sinosoft.project.Integrated.vo.QcBackVo">
    insert into es_qc_back
    <trim prefix="(" suffix=")" suffixOverrides=",">
      <if test="id != null">
        id,
      </if>
      <if test="businessno != null">
        businessno,
      </if>
      <if test="doccode != null">
        doccode,
      </if>
      <if test="status != null">
        status,
      </if>
      <if test="verdict != null">
        verdict,
      </if>
      <if test="backdatetime != null">
        backdatetime,
      </if>
      <if test="createDatetime != null">
        create_datetime,
      </if>
      <if test="modifyDatetime != null">
        modify_datetime,
      </if>
      <if test="operator != null">
        operator,
      </if>
      <if test="qcoperator != null">
        qcoperator,
      </if>
      <if test="mangcode != null">
        mangcode,
      </if>
      <if test="backtype != null">
        backtype,
      </if>
      <if test="backremarks != null">
        backremarks,
      </if>
      <if test="inspectdate != null">
        inspectdate,
      </if>
      <if test="operation != null">
        operation,
      </if>
    </trim>
    <trim prefix="values (" suffix=")" suffixOverrides=",">
      <if test="id != null">
        #{id,jdbcType=VARCHAR},
      </if>
      <if test="businessno != null">
        #{businessno,jdbcType=VARCHAR},
      </if>
      <if test="doccode != null">
        #{doccode,jdbcType=VARCHAR},
      </if>
      <if test="status != null">
        #{status,jdbcType=VARCHAR},
      </if>
      <if test="verdict != null">
        #{verdict,jdbcType=VARCHAR},
      </if>
      <if test="backdatetime != null">
        #{backdatetime,jdbcType=TIMESTAMP},
      </if>
      <if test="createDatetime != null">
        #{createDatetime,jdbcType=TIMESTAMP},
      </if>
      <if test="modifyDatetime != null">
        #{modifyDatetime,jdbcType=TIMESTAMP},
      </if>
      <if test="operator != null">
        #{operator,jdbcType=VARCHAR},
      </if>
      <if test="qcoperator != null">
        #{qcoperator,jdbcType=VARCHAR},
      </if>
      <if test="mangcode != null">
        #{mangcode,jdbcType=VARCHAR},
      </if>
      <if test="backtype != null">
        #{backtype,jdbcType=VARCHAR},
      </if>
      <if test="backremarks != null">
        #{backremarks,jdbcType=VARCHAR},
      </if>
      <if test="inspectdate != null">
      TO_DATE( #{inspectdate,jdbcType=VARCHAR},'yyyy-MM-dd HH24:mi:ss'),
        <!-- #{inspectdate,jdbcType=VARCHAR}, -->
      </if>
      <if test="operation != null">
        #{operation,jdbcType=VARCHAR},
      </if>
    </trim>
  </insert>
  <insert id="insertSelective" parameterType="sinosoft.project.entity.QcMain">
    insert into es_qc_main
    <trim prefix="(" suffix=")" suffixOverrides=",">
      <if test="id != null">
        id,
      </if>
      <if test="businessno != null">
        businessno,
      </if>
      <if test="doccode != null">
        doccode,
      </if>
      <if test="mainpointIds != null">
        mainpoint_ids,
      </if>
      <if test="describeIds != null">
        describe_ids,
      </if>
      <if test="remarks != null">
        remarks,
      </if>
      <if test="status != null">
        status,
      </if>
      <if test="verdict != null">
        verdict,
      </if>
      <if test="createDatetime != null">
        create_datetime,
      </if>
      <if test="modifyDatatime != null">
        modify_datatime,
      </if>
      <if test="operator != null">
        operator,
      </if>
      <if test="agentid != null">
        AGENTID,
      </if>     
      <if test="inspectdate != null">
        inspectdate,
      </if>
    </trim>
    <trim prefix="values (" suffix=")" suffixOverrides=",">
      <if test="id != null">
        #{id,jdbcType=VARCHAR},
      </if>
      <if test="businessno != null">
        #{businessno,jdbcType=VARCHAR},
      </if>
      <if test="doccode != null">
        #{doccode,jdbcType=VARCHAR},
      </if>
      <if test="mainpointIds != null">
        #{mainpointIds,jdbcType=VARCHAR},
      </if>
      <if test="describeIds != null">
        #{describeIds,jdbcType=VARCHAR},
      </if>
      <if test="remarks != null">
        #{remarks,jdbcType=VARCHAR},
      </if>
      <if test="status != null">
        #{status,jdbcType=VARCHAR},
      </if>
      <if test="verdict != null">
        #{verdict,jdbcType=VARCHAR},
      </if>
      <if test="createDatetime != null">
        #{createDatetime,jdbcType=TIMESTAMP},
      </if>
      <if test="modifyDatatime != null">
        #{modifyDatatime,jdbcType=TIMESTAMP},
      </if>
      <if test="operator != null">
        #{operator,jdbcType=VARCHAR},
      </if>
      <if test="agentid != null">
        #{agentid,jdbcType=VARCHAR},
      </if>
      <if test="inspectdate != null">
        #{inspectdate,jdbcType=TIMESTAMP},
      </if>
    </trim>
  </insert>
  <update id="updateByPrimaryKeySelective" parameterType="sinosoft.project.entity.QcMain">
    update es_qc_main
    <set>
      <if test="doccode != null">
        doccode = #{doccode,jdbcType=VARCHAR},
      </if>
      <if test="mainpointIds != null">
        mainpoint_ids = #{mainpointIds,jdbcType=VARCHAR},
      </if>
      <if test="describeIds != null">
        describe_ids = #{describeIds,jdbcType=VARCHAR},
      </if>
      <if test="remarks != null">
        remarks = #{remarks,jdbcType=VARCHAR},
      </if>
      <if test="status != null">
        status = #{status,jdbcType=VARCHAR},
      </if>
      <if test="verdict != null">
        verdict = #{verdict,jdbcType=VARCHAR},
      </if>
      <if test="createDatetime != null">
        create_datetime = #{createDatetime,jdbcType=TIMESTAMP},
      </if>
      <if test="modifyDatatime != null">
        modify_datatime = #{modifyDatatime,jdbcType=TIMESTAMP},
      </if>
      <if test="operator != null">
        operator = #{operator,jdbcType=VARCHAR},
      </if>
      <if test="agentid != null">
        AGENTID = #{agentid,jdbcType=VARCHAR},
      </if>
    </set>
    where id = #{id,jdbcType=VARCHAR}
  </update>
  <update id="updateByPrimaryKey" parameterType="sinosoft.project.entity.QcMain">
    update es_qc_main
    set doccode = #{doccode,jdbcType=VARCHAR},
      mainpoint_ids = #{mainpointIds,jdbcType=VARCHAR},
      describe_ids = #{describeIds,jdbcType=VARCHAR},
      remarks = #{remarks,jdbcType=VARCHAR},
      status = #{status,jdbcType=VARCHAR},
      verdict = #{verdict,jdbcType=VARCHAR},
      create_datetime = #{createDatetime,jdbcType=TIMESTAMP},
      modify_datatime = #{modifyDatatime,jdbcType=TIMESTAMP},
      operator = #{operator,jdbcType=VARCHAR},
      AGENTID = #{agentid,jdbcType=VARCHAR}
    where id = #{id,jdbcType=VARCHAR}
  </update>
<!--   用于修改整改时间过长直接设置为不通过  -->
  <update id="updatSelective" parameterType="sinosoft.project.entity.QcMain">
    update es_qc_main
    <set>
      <if test="mainpointIds != null">
        mainpoint_ids = #{mainpointIds,jdbcType=VARCHAR},
      </if>
      <if test="describeIds != null">
        describe_ids = #{describeIds,jdbcType=VARCHAR},
      </if>
      <if test="remarks != null">
        remarks = #{remarks,jdbcType=VARCHAR},
      </if>
      <if test="status != null">
        status = #{status,jdbcType=VARCHAR},
      </if>
      <if test="verdict != null">
        verdict = #{verdict,jdbcType=VARCHAR},
      </if>
      <if test="createDatetime != null">
        create_datetime = #{createDatetime,jdbcType=TIMESTAMP},
      </if>
      <if test="modifyDatatime != null">
        modify_datatime = #{modifyDatatime,jdbcType=TIMESTAMP},
      </if>
      <if test="operator != null">
        operator = #{operator,jdbcType=VARCHAR},
      </if>
      <if test="agentid != null">
        AGENTID = #{agentid,jdbcType=VARCHAR},
      </if>
      <if test="inspectdate != null">
        inspectdate = #{inspectdate,jdbcType=TIMESTAMP},
      </if>
    </set>
    	where BUSINESSNO = #{businessno,jdbcType=VARCHAR} and status='1'
  </update>
  <update id="updateByDoccodeSelective" parameterType="sinosoft.project.entity.QcMain">
    update es_qc_main
    <set>
      <if test="mainpointIds != null">
        mainpoint_ids = #{mainpointIds,jdbcType=VARCHAR},
      </if>
      <if test="describeIds != null">
        describe_ids = #{describeIds,jdbcType=VARCHAR},
      </if>
      <if test="remarks != null">
        remarks = #{remarks,jdbcType=VARCHAR},
      </if>
      <if test="status != null">
        status = #{status,jdbcType=VARCHAR},
      </if>
      <if test="verdict != null">
        verdict = #{verdict,jdbcType=VARCHAR},
      </if>
      <if test="createDatetime != null">
        create_datetime = #{createDatetime,jdbcType=TIMESTAMP},
      </if>
      <if test="modifyDatatime != null">
        modify_datatime = #{modifyDatatime,jdbcType=TIMESTAMP},
      </if>
     <if test="inspectdate != null"> 
        inspectdate = #{inspectdate,jdbcType=TIMESTAMP},
      </if> 
      <if test="operator != null">
        operator = #{operator,jdbcType=VARCHAR},
      </if>
      <if test="agentid != null">
        AGENTID = #{agentid,jdbcType=VARCHAR},
      </if>
      <if test="issuetypes != null">
        ISSUETYPES = #{issuetypes,jdbcType=VARCHAR},
      </if>
      <if test="issuedesc != null">
        ISSUEDESC = #{issuedesc,jdbcType=VARCHAR},
      </if>
      
    </set>
    	where BUSINESSNO = #{businessno,jdbcType=VARCHAR} and status in('1','2')
  </update> 
  <update id="updateByDoccodeSelective2" parameterType="sinosoft.project.entity.QcMain">
    update es_qc_main
    <set>
      <if test="mainpointIds != null">
        mainpoint_ids = #{mainpointIds,jdbcType=VARCHAR},
      </if>
      <if test="describeIds != null">
        describe_ids = #{describeIds,jdbcType=VARCHAR},
      </if>
      <if test="remarks == null">
        remarks = '',
      </if>
      <if test="status != null">
        status = #{status,jdbcType=VARCHAR},
      </if>
      <if test="verdict != null">
        verdict = #{verdict,jdbcType=VARCHAR},
      </if>
      <if test="createDatetime != null">
        create_datetime = #{createDatetime,jdbcType=TIMESTAMP},
      </if>
      <if test="modifyDatatime != null">
        modify_datatime = #{modifyDatatime,jdbcType=TIMESTAMP},
      </if>
<!--       <if test="inspectdate != null"> -->
        inspectdate = #{inspectdate,jdbcType=TIMESTAMP},
<!--       </if> -->
      <if test="operator != null">
        operator = #{operator,jdbcType=VARCHAR},
      </if>
      <if test="agentid != null">
        AGENTID = #{agentid,jdbcType=VARCHAR},
      </if>
      <if test="issuetypes == null">
        ISSUETYPES = '',
      </if>
      <if test="issuedesc == null">
        ISSUEDESC = '',
      </if>
      
    </set>
    	where BUSINESSNO = #{businessno,jdbcType=VARCHAR} and status in('1','2')
  </update> 
</mapper>