<?xml version="1.0" encoding="UTF-8" ?>
<!DOCTYPE mapper PUBLIC "-//mybatis.org//DTD Mapper 3.0//EN" "http://mybatis.org/dtd/mybatis-3-mapper.dtd" >
<mapper namespace="sinosoft.project.Integrated.dao.EsVideoPagesMapper" >
  <resultMap id="BaseResultMap" type="sinosoft.project.Integrated.beans.EsVideoPages" >
    <id column="pageid" property="pageid" jdbcType="VARCHAR" />
    <result column="docid" property="docid" jdbcType="VARCHAR" />
    <result column="hostname" property="hostname" jdbcType="VARCHAR" />
    <result column="businessno" property="businessno" jdbcType="VARCHAR" />
    <result column="busstype" property="busstype" jdbcType="VARCHAR" />
    <result column="subtype" property="subtype" jdbcType="VARCHAR" />
    <result column="filetype" property="filetype" jdbcType="VARCHAR" />
    <result column="url" property="url" jdbcType="VARCHAR" />
    <result column="pagename" property="pagename" jdbcType="VARCHAR" />
    <result column="pagesuffix" property="pagesuffix" jdbcType="VARCHAR" />
    <result column="imgtimepoint" property="imgtimepoint" jdbcType="VARCHAR" />
    <result column="describeid" property="describeid" jdbcType="VARCHAR" />
    <result column="recdate" property="recdate" jdbcType="DATE" />
    <result column="rectime" property="rectime" jdbcType="VARCHAR" />
    <result column="recduration" property="recduration" jdbcType="VARCHAR" />
    <result column="create_date" property="createDate" jdbcType="TIMESTAMP" />
    <result column="modify_date" property="modifyDate" jdbcType="TIMESTAMP" />
    <result column="operator" property="operator" jdbcType="VARCHAR" />
    <result column="picpathftp" property="picpathftp" jdbcType="VARCHAR" />
    <result column="picftp" property="picftp" jdbcType="VARCHAR" />
    <result column="requestid" property="requestid" jdbcType="VARCHAR" />
    <result column="viocetext" property="viocetext" jdbcType="VARCHAR" />
  </resultMap>
  <sql id="Base_Column_List" >
    pageid, docid, hostname, businessno, busstype, subtype, filetype, url, pagename, 
    pagesuffix, imgtimepoint, describeid, recdate, rectime, recduration, create_date, 
    modify_date, operator, picpathftp, picftp, requestid, viocetext
  </sql>
  <select id="selectByPrimaryKey" resultMap="BaseResultMap" parameterType="java.lang.String" >
    select 
    <include refid="Base_Column_List" />
    from es_video_pages
    where pageid = #{pageid,jdbcType=VARCHAR}
  </select>
    <select id="selectRec" parameterType="java.lang.String" resultType="sinosoft.project.qcac.vo.VideoMainVo">
  		select url videoUrl from es_video_pages_his where filetype='0' and docid=#{0}
  </select>
  <select id="selectImg" parameterType="java.lang.String" resultType="sinosoft.project.qcac.vo.VideoMainVo">
  		 select 
	 distinct pageid,url imgUrl,imgtimepoint timpoint,lp.mainpoint_name pointtext,
	ld.describe_content desctext,ldp.pointorder pointor 
	from 
	es_video_pages_his ep
    LEFT JOIN  ld_point_describe ldp ON ep.describeid = ldp.mainpointid 
		left join ld_point lp on lp.mainpoint_id=ldp.mainpointid 
		left join  ld_describe ld on ld.describe_id = ldp.mainpointid 
		WHERE
  filetype = '1'  and docid=#{0}
   order by timpoint+0
  </select>
  <select id="selectByFilter" resultType="sinosoft.project.Integrated.vo.EsVideoMainVo" parameterType="java.lang.String">
  		select 
  		<include refid="Base_Column_List" />
    	from es_video_pages 
    	where 1=1 
	<if test = "esVideoMainVo.busstype !=null and esVideoMainVo.busstype != ''">
		AND busstype LIKE '%'||#{esVideoMainVo.busstype}||'%' 
	</if>
	</select>
    <select id="selectById" resultMap="BaseResultMap" parameterType="java.lang.String" >
    select 
    <include refid="Base_Column_List" />
    from es_video_pages
    where docid = #{docId,jdbcType=VARCHAR}
    and filetype='0'
  </select>
  <select id="queryPagesHis" resultMap="BaseResultMap" parameterType="java.lang.String" >
    select UUID,
    <include refid="Base_Column_List" />
    from es_video_pages_his
    where docid = #{docId,jdbcType=VARCHAR}
    and filetype='0'
  </select>
  <delete id="deleteByPrimaryKey" parameterType="java.lang.String" >
    delete from es_video_pages
    where pageid = #{pageid,jdbcType=VARCHAR}
  </delete>
  <insert id="insert" parameterType="sinosoft.project.Integrated.beans.EsVideoPages" >
    insert into es_video_pages (pageid, docid, hostname, 
      businessno, busstype, subtype, 
      filetype, url, pagename, 
      pagesuffix, imgtimepoint, describeid, 
      recdate, rectime, recduration, 
      create_date, modify_date, operator, 
      picpathftp, picftp, requestid, 
      viocetext)
    values (#{pageid,jdbcType=VARCHAR}, #{docid,jdbcType=VARCHAR}, #{hostname,jdbcType=VARCHAR}, 
      #{businessno,jdbcType=VARCHAR}, #{busstype,jdbcType=VARCHAR}, #{subtype,jdbcType=VARCHAR}, 
      #{filetype,jdbcType=VARCHAR}, #{url,jdbcType=VARCHAR}, #{pagename,jdbcType=VARCHAR}, 
      #{pagesuffix,jdbcType=VARCHAR}, #{imgtimepoint,jdbcType=VARCHAR}, #{describeid,jdbcType=VARCHAR}, 
      #{recdate,jdbcType=DATE}, #{rectime,jdbcType=VARCHAR}, #{recduration,jdbcType=VARCHAR}, 
      #{createDate,jdbcType=TIMESTAMP}, #{modifyDate,jdbcType=TIMESTAMP}, #{operator,jdbcType=VARCHAR}, 
      #{picpathftp,jdbcType=VARCHAR}, #{picftp,jdbcType=VARCHAR}, #{requestid,jdbcType=VARCHAR}, 
      #{viocetext,jdbcType=VARCHAR})
  </insert>
  <insert id="insertSelective" parameterType="sinosoft.project.Integrated.beans.EsVideoPages" >
    insert into es_video_pages
    <trim prefix="(" suffix=")" suffixOverrides="," >
      <if test="pageid != null" >
        pageid,
      </if>
      <if test="docid != null" >
        docid,
      </if>
      <if test="hostname != null" >
        hostname,
      </if>
      <if test="businessno != null" >
        businessno,
      </if>
      <if test="busstype != null" >
        busstype,
      </if>
      <if test="subtype != null" >
        subtype,
      </if>
      <if test="filetype != null" >
        filetype,
      </if>
      <if test="url != null" >
        url,
      </if>
      <if test="pagename != null" >
        pagename,
      </if>
      <if test="pagesuffix != null" >
        pagesuffix,
      </if>
      <if test="imgtimepoint != null" >
        imgtimepoint,
      </if>
      <if test="describeid != null" >
        describeid,
      </if>
      <if test="recdate != null" >
        recdate,
      </if>
      <if test="rectime != null" >
        rectime,
      </if>
      <if test="recduration != null" >
        recduration,
      </if>
      <if test="createDate != null" >
        create_date,
      </if>
      <if test="modifyDate != null" >
        modify_date,
      </if>
      <if test="operator != null" >
        operator,
      </if>
      <if test="picpathftp != null" >
        picpathftp,
      </if>
      <if test="picftp != null" >
        picftp,
      </if>
      <if test="requestid != null" >
        requestid,
      </if>
      <if test="viocetext != null" >
        viocetext,
      </if>
    </trim>
    <trim prefix="values (" suffix=")" suffixOverrides="," >
      <if test="pageid != null" >
        #{pageid,jdbcType=VARCHAR},
      </if>
      <if test="docid != null" >
        #{docid,jdbcType=VARCHAR},
      </if>
      <if test="hostname != null" >
        #{hostname,jdbcType=VARCHAR},
      </if>
      <if test="businessno != null" >
        #{businessno,jdbcType=VARCHAR},
      </if>
      <if test="busstype != null" >
        #{busstype,jdbcType=VARCHAR},
      </if>
      <if test="subtype != null" >
        #{subtype,jdbcType=VARCHAR},
      </if>
      <if test="filetype != null" >
        #{filetype,jdbcType=VARCHAR},
      </if>
      <if test="url != null" >
        #{url,jdbcType=VARCHAR},
      </if>
      <if test="pagename != null" >
        #{pagename,jdbcType=VARCHAR},
      </if>
      <if test="pagesuffix != null" >
        #{pagesuffix,jdbcType=VARCHAR},
      </if>
      <if test="imgtimepoint != null" >
        #{imgtimepoint,jdbcType=VARCHAR},
      </if>
      <if test="describeid != null" >
        #{describeid,jdbcType=VARCHAR},
      </if>
      <if test="recdate != null" >
        #{recdate,jdbcType=DATE},
      </if>
      <if test="rectime != null" >
        #{rectime,jdbcType=VARCHAR},
      </if>
      <if test="recduration != null" >
        #{recduration,jdbcType=VARCHAR},
      </if>
      <if test="createDate != null" >
        #{createDate,jdbcType=TIMESTAMP},
      </if>
      <if test="modifyDate != null" >
        #{modifyDate,jdbcType=TIMESTAMP},
      </if>
      <if test="operator != null" >
        #{operator,jdbcType=VARCHAR},
      </if>
      <if test="picpathftp != null" >
        #{picpathftp,jdbcType=VARCHAR},
      </if>
      <if test="picftp != null" >
        #{picftp,jdbcType=VARCHAR},
      </if>
      <if test="requestid != null" >
        #{requestid,jdbcType=VARCHAR},
      </if>
      <if test="viocetext != null" >
        #{viocetext,jdbcType=VARCHAR},
      </if>
    </trim>
  </insert>
  <update id="updateByPrimaryKeySelective" parameterType="sinosoft.project.Integrated.beans.EsVideoPages" >
    update es_video_pages
    <set >
      <if test="docid != null" >
        docid = #{docid,jdbcType=VARCHAR},
      </if>
      <if test="hostname != null" >
        hostname = #{hostname,jdbcType=VARCHAR},
      </if>
      <if test="businessno != null" >
        businessno = #{businessno,jdbcType=VARCHAR},
      </if>
      <if test="busstype != null" >
        busstype = #{busstype,jdbcType=VARCHAR},
      </if>
      <if test="subtype != null" >
        subtype = #{subtype,jdbcType=VARCHAR},
      </if>
      <if test="filetype != null" >
        filetype = #{filetype,jdbcType=VARCHAR},
      </if>
      <if test="url != null" >
        url = #{url,jdbcType=VARCHAR},
      </if>
      <if test="pagename != null" >
        pagename = #{pagename,jdbcType=VARCHAR},
      </if>
      <if test="pagesuffix != null" >
        pagesuffix = #{pagesuffix,jdbcType=VARCHAR},
      </if>
      <if test="imgtimepoint != null" >
        imgtimepoint = #{imgtimepoint,jdbcType=VARCHAR},
      </if>
      <if test="describeid != null" >
        describeid = #{describeid,jdbcType=VARCHAR},
      </if>
      <if test="recdate != null" >
        recdate = #{recdate,jdbcType=DATE},
      </if>
      <if test="rectime != null" >
        rectime = #{rectime,jdbcType=VARCHAR},
      </if>
      <if test="recduration != null" >
        recduration = #{recduration,jdbcType=VARCHAR},
      </if>
      <if test="createDate != null" >
        create_date = #{createDate,jdbcType=TIMESTAMP},
      </if>
      <if test="modifyDate != null" >
        modify_date = #{modifyDate,jdbcType=TIMESTAMP},
      </if>
      <if test="operator != null" >
        operator = #{operator,jdbcType=VARCHAR},
      </if>
      <if test="picpathftp != null" >
        picpathftp = #{picpathftp,jdbcType=VARCHAR},
      </if>
      <if test="picftp != null" >
        picftp = #{picftp,jdbcType=VARCHAR},
      </if>
      <if test="requestid != null" >
        requestid = #{requestid,jdbcType=VARCHAR},
      </if>
      <if test="viocetext != null" >
        viocetext = #{viocetext,jdbcType=VARCHAR},
      </if>
    </set>
    where pageid = #{pageid,jdbcType=VARCHAR}
  </update>
  <update id="updateByPrimaryKey" parameterType="sinosoft.project.Integrated.beans.EsVideoPages" >
    update es_video_pages
    set docid = #{docid,jdbcType=VARCHAR},
      hostname = #{hostname,jdbcType=VARCHAR},
      businessno = #{businessno,jdbcType=VARCHAR},
      busstype = #{busstype,jdbcType=VARCHAR},
      subtype = #{subtype,jdbcType=VARCHAR},
      filetype = #{filetype,jdbcType=VARCHAR},
      url = #{url,jdbcType=VARCHAR},
      pagename = #{pagename,jdbcType=VARCHAR},
      pagesuffix = #{pagesuffix,jdbcType=VARCHAR},
      imgtimepoint = #{imgtimepoint,jdbcType=VARCHAR},
      describeid = #{describeid,jdbcType=VARCHAR},
      recdate = #{recdate,jdbcType=DATE},
      rectime = #{rectime,jdbcType=VARCHAR},
      recduration = #{recduration,jdbcType=VARCHAR},
      create_date = #{createDate,jdbcType=TIMESTAMP},
      modify_date = #{modifyDate,jdbcType=TIMESTAMP},
      operator = #{operator,jdbcType=VARCHAR},
      picpathftp = #{picpathftp,jdbcType=VARCHAR},
      picftp = #{picftp,jdbcType=VARCHAR},
      requestid = #{requestid,jdbcType=VARCHAR},
      viocetext = #{viocetext,jdbcType=VARCHAR}
    where pageid = #{pageid,jdbcType=VARCHAR}
  </update>
  <select id="selectOtherDocuments" parameterType="java.lang.String" resultType="sinosoft.project.qcac.vo.VideoMainVo"> 
  	select url otherDocumentsUrl,pagename documentsName from es_video_pages_his where filetype='2' and docid=#{0} 
  </select>
   <select id="selectOtherImg" parameterType="java.lang.String" resultType="sinosoft.project.qcac.vo.VideoMainVo">
  		select url otherImgUrl,pagename otherImgName from es_video_pages_his where filetype='3' and docid=#{0}
  </select>
</mapper>