<?xml version="1.0" encoding="UTF-8" ?>
<!DOCTYPE mapper PUBLIC "-//mybatis.org//DTD Mapper 3.0//EN" "http://mybatis.org/dtd/mybatis-3-mapper.dtd" >
<mapper namespace="sinosoft.project.Integrated.dao.EsVideoMainMapper">
	<resultMap id="BaseResultMap" type="sinosoft.project.Integrated.beans.EsVideoMain">
		<id column="docid" property="docid" jdbcType="VARCHAR" />
		<result column="doccode" property="doccode" jdbcType="VARCHAR" />
		<result column="businessno" property="businessno" jdbcType="VARCHAR" />
		<result column="beforebusinessno" property="beforebusinessno" jdbcType="VARCHAR" />
		<result column="channel" property="channel" jdbcType="VARCHAR" />
		<result column="busstype" property="busstype" jdbcType="VARCHAR" />
		<result column="subtype" property="subtype" jdbcType="VARCHAR" />
		<result column="type" property="type" jdbcType="VARCHAR" />
		<result column="numpages" property="numpages" jdbcType="VARCHAR" />
		<result column="agentid" property="agentid" jdbcType="VARCHAR" />
		<result column="agentname" property="agentname" jdbcType="VARCHAR" />
		<result column="company" property="company" jdbcType="VARCHAR" />
		<result column="risktypecode" property="risktypecode" jdbcType="VARCHAR" />
		<result column="appntno" property="appntno" jdbcType="VARCHAR" />
		<result column="appntname" property="appntname" jdbcType="VARCHAR" />
		<result column="appntidtype" property="appntidtype" jdbcType="VARCHAR" />
		<result column="appntidno" property="appntidno" jdbcType="VARCHAR" />
		<result column="appntbirthday" property="appntbirthday" jdbcType="TIMESTAMP" />
		<result column="appntadress" property="appntadress" jdbcType="VARCHAR" />
		<result column="appntsex" property="appntsex" jdbcType="VARCHAR" />
		<result column="appntage" property="appntage" jdbcType="VARCHAR" />
		<result column="insuredname" property="insuredname" jdbcType="VARCHAR" />
		<result column="insuredtype" property="insuredtype" jdbcType="VARCHAR" />
		<result column="insuredno" property="insuredno" jdbcType="VARCHAR" />
		<result column="insuredbirthday" property="insuredbirthday" jdbcType="TIMESTAMP" />
		<result column="insuredadress" property="insuredadress" jdbcType="VARCHAR" />
		<result column="insuredsex" property="insuredsex" jdbcType="VARCHAR" />
		<result column="insuredage" property="insuredage" jdbcType="VARCHAR" />
		<result column="polapplydate" property="polapplydate" jdbcType="TIMESTAMP" />
		<result column="status" property="status" jdbcType="VARCHAR" />
		<result column="verdict" property="verdict" jdbcType="VARCHAR" />
		<result column="qcoperator" property="qcoperator" jdbcType="VARCHAR" />
		<result column="create_date" property="createDate" jdbcType="TIMESTAMP" />
		<result column="modify_date" property="modifyDate" jdbcType="TIMESTAMP" />
		<result column="operator" property="operator" jdbcType="VARCHAR" />
	</resultMap>
	<sql id="Base_Column_List">
		docid, doccode, businessno, beforebusinessno, channel,
		busstype, subtype,
		type, numpages,
		agentid, agentname, company,
		risktypecode, appntname, appntidtype, appntidno,
		appntbirthday,
		appntadress, appntsex, appntage, insuredname, insuredtype, insuredno,
		insuredbirthday,
		insuredadress, insuredsex, insuredage, polapplydate,
		status, verdict, qcoperator,
		create_date, modify_date,
		operator,mangcode
	</sql>
	<select id="queryQCPointDEsc" parameterType="java.lang.String"
		resultType="sinosoft.project.qcac.vo.QcMainVo">
		select docid
		id,businessno,doccode,status,verdict,operator,agentid,to_char(modify_date,
		'yyyy-MM-dd hh24:mi:ss' ) "date" from es_video_main where doccode=#{0}
		and status in('0','1','2')
	</select>
	<select id="queryQCPointDEscHis" parameterType="java.lang.String"
		resultType="sinosoft.project.qcac.vo.QcMainVo">
		select docid
		id,businessno,doccode,status,verdict,operator,agentid,to_char(modify_date,
		'yyyy-MM-dd hh24:mi:ss' ) "date" from es_video_main_his where docid=#{0}
		and status in('0','1','2')
	</select>
	<select id="queryQCVerdictHis" parameterType="java.lang.String"
		resultType="sinosoft.project.qcac.vo.QcMainVo">
		select docid
		id,businessno,doccode,status,verdict,operator,agentid,to_char(modify_date,
		'yyyy-MM-dd hh24:mi:ss' ) "date" from es_video_main_his where
		businessno=#{0} and status in('0','1','2')
	</select>
	<!-- 将左外链接去掉,20181021<select id="selectAllMain" resultType="sinosoft.project.qcac.vo.VideoMainVo"
		parameterType="java.lang.String">
		select
		doccode doccode,
		nvl((SELECT INSURANCE_NAME FROM
		es_product_manage a WHERE
		a.INSURANCE_CODE=es.risktypecode),'捆绑型产品')
		risktype,
		es.risktypecode risktypecode,
		agentname agentname,
		es.businessno,
		type datatype,
		appntname,
		appntage,
		to_char(polapplydate,'yyyy-MM-dd hh24:mi:ss') polapplydate,
		appntidno
		appntidno,
		sy.name mangcode,
		esp.recdate recdate,
		esp.rectime rectime,
		esp.recduration recduration,
		appntidtype,
		to_char(appntbirthday
		,'yyyy-MM-dd') appntbirthday,
		appntadress,
		appntsex,
		insuredname,
		insuredtype,
		insuredno,
		to_char(insuredbirthday ,'yyyy-MM-dd')
		insuredbirthday,
		insuredadress,
		insuredsex,
		insuredage,
		est.txt txt,
		es.appntidimg,
		es.insuredimg,
		es.agentid agentid,
		(select phone from
		rec_agent ag where es.agentid= ag.AgentCode ) agentPhone,
		(select
		workflag from rec_agent ag where es.agentid= ag.AgentCode )
		agentWorkFlag,
		(select CHANNEL_NAME from es_channel_manage ma,rec_agent
		ag where
		ma.channel_code = ag.Channel and es.agentid= ag.AgentCode and
		ma.state='1') agentChannelname,
		(select ld.bankname from ld_bank ld
		where ld.bankcode=es.bankcode) bankcode,
		es.banknetwork,
		es.properson,
		es.operation resourse,
		appntno,
		isfirstbuy,
		isadvancedage,
		appntriskgrade,
		es.isfixedperson,
		es.remarks
		from es_video_main_his es left join sys_organ sy
		on es.mangcode = sy.code
		left join es_video_pages_his esp on
		es.docid=esp.docid
		left join es_voice_txt est on est.REQUEST_ID =
		es.requestid
		where esp.filetype='0' and es.docid=#{0}
	</select> -->
	<select id="selectAllMain" resultType="sinosoft.project.qcac.vo.VideoMainVo"
		parameterType="java.lang.String">
		select
		doccode doccode,
		nvl((SELECT a.PRODUCT_NAME FROM
		es_product_manage a WHERE
		a.PRODUCT_CODE=es.risktypecode and a.STATE!='3'),'捆绑型产品')
		risktype,
		es.risktypecode risktypecode,
		agentname agentname,
		es.businessno,
		type datatype,
		appntname,
		appntage,
		to_char(polapplydate,'yyyy-MM-dd hh24:mi:ss') polapplydate,
		appntidno
		appntidno,
		(select sy.name from sys_organ sy where es.mangcode = sy.code ) mangcode,
		(select esp.recdate from  es_video_pages esp where es.docid=esp.docid and esp.filetype='0') recdate,
		(select esp.rectime from  es_video_pages esp where es.docid=esp.docid and esp.filetype='0') rectime,
		(select esp.recduration from  es_video_pages esp where es.docid=esp.docid and esp.filetype='0') recduration,
		appntidtype,
		to_char(appntbirthday
		,'yyyy-MM-dd') appntbirthday,
		appntadress,
		appntsex,
		(select est.txt from es_voice_txt est where est.REQUEST_ID = es.requestid) txt,
		es.agentid agentid,
		es.properson,
		es.operation resourse,
		appntno,
		isfirstbuy,
		isadvancedage,
		appntriskgrade,
		es.isfixedperson,
		es.remarks
		from es_video_main_his es
		where  es.docid=#{0}
	</select>
	<select id="selectByID" resultType="sinosoft.project.Integrated.vo.EsVideoMainVo"
		parameterType="java.lang.String">
		select
		a.docid, a.doccode, a.businessno,
		a.beforebusinessno, a.channel, a.busstype,
		a.subtype, a.type,
		a.numpages,
		a.agentid, a.agentname, a.company, a.risktypecode,
		a.appntname, a.appntidtype,
		a.appntidno, a.appntbirthday,
		a.appntadress, a.appntsex, a.appntage, a.insuredname, a.insuredtype,
		a.insuredno,
		a.insuredbirthday,
		a.insuredadress, a.insuredsex,
		a.insuredage, a.polapplydate, a.status, a.verdict,
		a.create_date,a."RESOURCE"
		a.modify_date, a.operator,sy.name
		mangcode,nvl(es.risktypename,pr.INSURANCE_NAME) risktypename,
		a.qcrecordcount,b.rectime,b.recdate,b.recduration,su.user_name
		qcoperator, to_char(a.modify_date,'yyyy-MM-dd') modifyDate
		from
		es_video_pages b,es_video_main a left join sys_organ sy on a.mangcode
		= sy.code
		left join sys_user su on a.qcoperator=su.user_id
		left join
		es_risktype es on a.risktypecode=es.risktypeid and es.ACTIVATION_STATE!='3'
		left join
		es_product_manage pr on a.risktypecode=pr.product_type_code and pr.state!='3'
		where 1=1
		AND
		status='1'
		AND verdict='2'
		AND status='1'
    	AND verdict='2'
		and a.DOCID=b.docid
		and b.filetype='0'
		and
		a.DOCID=#{1}
		ORDER BY b.recdate desc
	</select>
	<select id="selectNotReply" resultType="sinosoft.project.Integrated.vo.EsVideoMainVo"
		parameterType="java.lang.String">
		select
		a.docid, a.doccode, a.businessno, a.beforebusinessno, a.channel,
		a.busstype,
		a.subtype, a.type, a.numpages,
		a.agentid, a.agentname,
		a.company, a.risktypecode, a.appntname, a.appntidtype,
		a.appntidno,
		a.appntbirthday,
		a.appntadress, a.appntsex, a.appntage, a.insuredname,
		a.insuredtype, a.insuredno,
		a.insuredbirthday,
		a.insuredadress,
		a.insuredsex, a.insuredage, a.polapplydate, a.status, a.verdict,
		a.create_date, a.modify_date, a.operator,sy.name
		mangcode,nvl(es.risktypename,pr.INSURANCE_NAME) risktypename,
		a.qcrecordcount,a.rectime,a.recdate,b.recduration,su.user_name
		qcoperator, a.modify_date modifyDate,a.uploaddate,a.uploadtime,
		a."RESOURCE" resourse
		from es_video_pages b,es_video_main a left join
		sys_organ sy on a.mangcode
		= sy.code
		left join sys_user su on
		a.qcoperator=su.user_id
		left join es_risktype es on
		a.risktypecode=es.risktypeid and and es.ACTIVATION_STATE!='3'
		left join es_product_manage pr on
		a.risktypecode=pr.INSURANCE_CODE
		<!--代码逻辑不对,目前应该没调用20181119 left join ld_point_describe es on a.risktypecode=es.RISKTYPECODE -->
		where 1=1
		AND status='1'
		AND verdict='2'
		and a.DOCID=b.docid
		and
		b.filetype='0'
		and a.mangcode in (select CODE from sys_organ where
		incode like
		#{esVideoMainVo.incode}||'%' and del_flag='0')
		<if test="esVideoMainVo.doccode !=null and esVideoMainVo.doccode != ''">
			AND a.doccode LIKE '%'||#{esVideoMainVo.doccode}||'%'
		</if>
		<if test="esVideoMainVo.appntname !=null and esVideoMainVo.appntname != ''">
			AND a.appntname LIKE '%'||#{esVideoMainVo.appntname}||'%'
		</if>
		<if test="esVideoMainVo.agentname !=null and esVideoMainVo.agentname != ''">
			AND a.agentname LIKE '%'||#{esVideoMainVo.agentname}||'%'
		</if>
		<if test="esVideoMainVo.appntidno !=null and esVideoMainVo.appntidno != ''">
			AND a.appntidno LIKE '%'||#{esVideoMainVo.appntidno}||'%'
		</if>
		<if test="esVideoMainVo.mangcode !=null and esVideoMainVo.mangcode != ''">
			AND a.mangcode LIKE #{esVideoMainVo.mangcode}||'%'
		</if>
		<if
			test="esVideoMainVo.risktypecode !=null and esVideoMainVo.risktypecode != ''">
			AND a.risktypecode LIKE #{esVideoMainVo.risktypecode||'%'
		</if>
		<if test="esVideoMainVo.verdict !=null and esVideoMainVo.verdict != ''">
			AND a.verdict LIKE #{esVideoMainVo.verdict}||'%'
		</if>
		<if test="esVideoMainVo.status !=null and esVideoMainVo.status != ''">
			AND a.status LIKE #{esVideoMainVo.status}||'%'
		</if>
		<if
			test="esVideoMainVo.startScanDate !=null and esVideoMainVo.startScanDate != ''">
			AND a.recdate >=#{esVideoMainVo.startScanDate}
		</if>
		<if
			test="esVideoMainVo.endScanDate !=null and esVideoMainVo.endScanDate != ''">
			AND #{esVideoMainVo.endScanDate} >= a.recdate
		</if>
		<if
			test="esVideoMainVo.startUploadDate !=null and esVideoMainVo.startUploadDate !=''">
			and to_char(a.uploaddate,'yyyy-MM-dd')
			>=to_char(#{esVideoMainVo.startUploadDate},'yyyy-MM-dd')
		</if>
		<if
			test="esVideoMainVo.endUploadDate !=null and esVideoMainVo.endUploadDate !=''">
			and
			to_char(#{esVideoMainVo.endUploadDate},'yyyy-MM-dd')>=to_char(a.uploaddate,'yyyy-MM-dd')
		</if>
		<if
			test="esVideoMainVo.qcoperator !=null and esVideoMainVo.qcoperator != ''">
			AND qcoperator in (select user_id from sys_user where user_name
			like
			'%'||#{esVideoMainVo.qcoperator}||'%')
		</if>
		<if test="esVideoMainVo.resourse !=null and esVideoMainVo.resourse != ''">
			AND a."RESOURCE" =#{esVideoMainVo.resourse}
		</if>
		ORDER BY a.uploaddate desc ,a.uploadtime desc
	</select>
	<select id="selectNotReplyByRule" resultType="sinosoft.project.Integrated.vo.EsVideoMainVo"
		parameterType="java.lang.String">
		select
		a.docid, a.doccode, a.businessno, a.beforebusinessno, a.channel,
		a.busstype,
		a.subtype, a.type, a.numpages,
		a.agentid, a.agentname,
		a.company, a.risktypecode, a.appntname, a.appntidtype,
		a.appntidno,
		a.appntbirthday,
		a.appntadress, a.appntsex, a.appntage, a.insuredname,
		a.insuredtype, a.insuredno,
		a.insuredbirthday,
		a.insuredadress,
		a.insuredsex, a.insuredage, a.polapplydate, a.status, a.verdict,
		a.create_date, a.modify_date, a.operator,sy.name
		mangcode,nvl(es.risktypename,pr.INSURANCE_NAME) risktypename,
		a.qcrecordcount,b.rectime,b.recdate,b.recduration,su.user_name
		qcoperator, a.modify_date modifyDate
		from es_video_pages
		b,es_video_main a left join sys_organ sy on a.mangcode
		= sy.code
		left
		join sys_user su on a.qcoperator=su.user_id
		left join es_risktype es on
		a.risktypecode=es.risktypeid and  es.ACTIVATION_STATE!='3'
		left join es_product_manage pr on
		a.risktypecode=pr.INSURANCE_CODE
		<!-- 代码逻辑应该是有问题,没有调用20181119left join ld_point_describe es on a.risktypecode=es.RISKTYPECODE -->
		where 1=1
		AND status='1'
		AND verdict='2'
		and a.DOCID=b.docid
		and
		b.filetype='0'
		and a.mangcode in (select CODE from sys_organ where
		incode like
		#{esVideoMainVo.incode}||'%' and del_flag='0')
		<if test="esVideoMainVo.doccode !=null and esVideoMainVo.doccode != ''">
			AND a.doccode LIKE '%'||#{esVideoMainVo.doccode||'%'
		</if>
		<if test="esVideoMainVo.appntname !=null and esVideoMainVo.appntname != ''">
			AND a.appntname LIKE '%'||#{esVideoMainVo.appntname||'%'
		</if>
		<if test="esVideoMainVo.appntidno !=null and esVideoMainVo.appntidno != ''">
			AND a.appntidno LIKE '%'||#{esVideoMainVo.appntidno||'%'
		</if>
		<if test="esVideoMainVo.mangcode !=null and esVideoMainVo.mangcode != ''">
			AND a.mangcode LIKE #{esVideoMainVo.mangcode}||'%'
		</if>
		<if
			test="esVideoMainVo.risktypecode !=null and esVideoMainVo.risktypecode != ''">
			AND a.risktypecode LIKE #{esVideoMainVo.risktypecode}||'%'
		</if>
		<if test="esVideoMainVo.verdict !=null and esVideoMainVo.verdict != ''">
			AND a.verdict LIKE #{esVideoMainVo.verdict}||'%'
		</if>
		<if test="esVideoMainVo.status !=null and esVideoMainVo.status != ''">
			AND a.status LIKE #{esVideoMainVo.status}||'%'
		</if>
		<if
			test="esVideoMainVo.startScanDate !=null and esVideoMainVo.startScanDate != ''">
			AND b.recdate >=#{esVideoMainVo.startScanDate}
		</if>
		<if
			test="esVideoMainVo.endScanDate !=null and esVideoMainVo.endScanDate != ''">
			AND #{esVideoMainVo.endScanDate} >= b.recdate
		</if>
		<if
			test="esVideoMainVo.qcoperator !=null and esVideoMainVo.qcoperator != ''">
			AND a.qcoperator = #{esVideoMainVo.qcoperator}
		</if>
		<if
			test="esVideoMainVo.modifyDate !=null and esVideoMainVo.modifyDate != ''">
			AND #{esVideoMainVo.modifyDate} >= a.modify_date
		</if>
		ORDER BY b.recdate desc
	</select>
	<select id="selectByFilterQC" resultType="sinosoft.project.Integrated.vo.EsVideoMainVo"
		parameterType="java.lang.String">
		select
		a.docid, a.doccode, a.businessno, a.beforebusinessno,
		(select
		dict_name_cn from sys_dictionary d WHERE d.dict_type='operation' and
		d.dict_code=a.operation ) operation,
		(select CHANNEL_NAME from
		es_channel_manage ma where ma.channel_code =
		a.channel ) channel,
		a.busstype, a.subtype, a.type, a.numpages,
		a.agentid, a.agentname,
		a.company, a.risktypecode, a.appntname,
		a.appntidtype, a.appntidno,
		a.appntbirthday,
		a.appntadress, a.appntsex, a.appntage, a.insuredname,
		a.insuredtype, a.insuredno,
		a.insuredbirthday,
		a.insuredadress,
		a.insuredsex, a.insuredage, a.polapplydate, a.status, a.verdict,
		(select su.user_name from sys_user su where a.qcoperator = su.user_id)
		qcoperator,
		a.create_date, a.modify_date, a.operator,sy.name
		mangcode,nvl(es.risktypename,pr.INSURANCE_NAME) risktypename ,
		a.qcrecordcount,a.rectime,a.recdate recdates,b.recduration,a.uploaddate uploaddates,a.uploadtime,a."RESOURCE"
		resourse
		,(select Count(1) from es_qc_point qc where qc.businessno =
		a.businessno )
		count
		from es_video_pages b,es_video_main a left join
		sys_organ sy on a.mangcode
		= sy.code
		left join es_risktype es on
		a.risktypecode=es.risktypeid and es.ACTIVATION_STATE!='3'
		left join es_product_manage pr on
		a.risktypecode=pr.product_code and pr.state!='3'
		<!-- left join ld_point_describe es on a.risktypecode=es.RISKTYPECODE -->
		where 1=1
		and a.DOCID=b.docid
		and a.status='1'
		<!-- and b.recdate is not null -->
		and b.filetype='0'
		<!-- and a.mangcode in (select CODE from sys_organ where
		incode like
		#{esVideoMainVo.incode}||'%' and del_flag='0') -->
		<if test="esVideoMainVo.doccode !=null and esVideoMainVo.doccode != ''">
			AND a.doccode LIKE '%'||#{esVideoMainVo.doccode||'%'
		</if>
		<if test="esVideoMainVo.appntname !=null and esVideoMainVo.appntname != ''">
			AND a.appntname LIKE '%'||#{esVideoMainVo.appntname||'%'
		</if>
		<if test="esVideoMainVo.operation !=null and esVideoMainVo.operation != ''">
			AND a.operation=#{esVideoMainVo.operation}
		</if>
		<if test="esVideoMainVo.appntidno !=null and esVideoMainVo.appntidno != ''">
			AND a.appntidno LIKE '%'||#{esVideoMainVo.appntidno}||'%'
		</if>
		<if test="esVideoMainVo.mangcode !=null and esVideoMainVo.mangcode != ''">
			AND a.mangcode LIKE #{esVideoMainVo.mangcode}||'%'
		</if>
		<if
			test="esVideoMainVo.risktypecode !=null and esVideoMainVo.risktypecode != ''">
			AND a.risktypecode LIKE #{esVideoMainVo.risktypecode}||'%'
		</if>
		<if test="esVideoMainVo.status !=null and esVideoMainVo.status != ''">
			AND a.status LIKE #{esVideoMainVo.status}||'%'
		</if>
		<if test="esVideoMainVo.verdict !=null and esVideoMainVo.verdict != ''">
			AND a.verdict LIKE #{esVideoMainVo.verdict}||'%'
		</if>
		<if test="esVideoMainVo.agentname !=null and esVideoMainVo.agentname != ''">
			AND a.agentname LIKE '%'||#{esVideoMainVo.agentname}||'%'
		</if>
		<!-- <if
			test="esVideoMainVo.startScanDate !=null and esVideoMainVo.startScanDate != ''">
			and to_char(a.recdate,'yyyy-MM-dd')
			>=to_char(#{esVideoMainVo.startScanDate},'yyyy-MM-dd')
		</if>
		<if
			test="esVideoMainVo.endScanDate !=null and esVideoMainVo.endScanDate != ''">
			and
			to_char(#{esVideoMainVo.endScanDate},'yyyy-MM-dd')>=to_char(a.recdate,'yyyy-MM-dd')
		</if> -->
		<if
			test="esVideoMainVo.startUploadDate !=null and esVideoMainVo.startUploadDate !=''">
			and to_char(a.uploaddate,'yyyy-MM-dd')
			>=to_char(#{esVideoMainVo.startUploadDate},'yyyy-MM-dd')
		</if>
		<if
			test="esVideoMainVo.endUploadDate !=null and esVideoMainVo.endUploadDate !=''">
			and
			to_char(#{esVideoMainVo.endUploadDate},'yyyy-MM-dd')>=to_char(a.uploaddate,'yyyy-MM-dd')
		</if>
		<if
			test="esVideoMainVo.qcoperator !=null and esVideoMainVo.qcoperator != ''">
			AND qcoperator in (select user_id from sys_user where user_name
			like
			'%'||#{esVideoMainVo.qcoperator}||'%')
		</if>
		<if test="esVideoMainVo.channel !=null and esVideoMainVo.channel != ''">
			AND a.channel =#{esVideoMainVo.channel}
		</if>
		<if test="esVideoMainVo.resourse !=null and esVideoMainVo.resourse != ''">
			AND a."RESOURCE" = #{esVideoMainVo.resourse}
		</if>
		<if test="esVideoMainVo.player !=null and esVideoMainVo.player != ''">
			AND a.player = #{esVideoMainVo.player}
		</if>
		ORDER BY a.uploaddate desc ,a.uploadtime desc
	</select>
	<select id="selectByFilter" resultType="sinosoft.project.Integrated.vo.EsVideoMainVo"
		parameterType="java.lang.String">
		SELECT
		a.docid,
		a.doccode,
		a.businessno,
		a.beforebusinessno,
		(SELECT
		CHANNEL_NAME FROM es_channel_manage ma WHERE ma.channel_code =
		a.channel) channel,
		a.agentid,
		a.agentname,
		a.appntname,
		a.appntidtype,
		a.appntidno,
		a.appntNo,
		(SELECT CASE WHEN COUNT(0)=0 THEN '否' WHEN COUNT(0)>0 THEN
		'是' END FROM
		es_qc_back c WHERE a.businessno=c.businessno) isback,
		to_char(a.appntbirthday,'yyyy-MM-dd') birthday,
		a.appntadress,
		a.appntsex,
		a.appntage,
		a.STATUS,
		a.verdict,
		(SELECT su.user_name FROM
		sys_user su WHERE a.qcoperator = su.user_id)
		qcoperator,
		a.qcoperator qcoperator1,
		(SELECT NAME
		FROM sys_organ sy WHERE sy.code=a.mangcode) mangcode,
		<!--估计有冲突,标记 (nvl((SELECT INSURANCE_NAME FROM es_product_manage es WHERE
		es.INSURANCE_CODE=a.risktypecode),'捆绑型产品')) risktypecode, -->
		a.risktypecode,
		a.qcrecordcount,
		(a.recdate||' '||a.rectime) recdates,
		(SELECT
		recduration FROM es_video_pages b WHERE a.docid=b.docid AND
		b.filetype='0'||'秒') recduration,
		(a.uploaddate||' '||a.uploadtime)
		uploaddates,
		(SELECT COUNT(1) FROM es_qc_point qc WHERE qc.businessno =
		a.businessno)
		COUNT,
		(SELECT DISTINCT to_char(inspectdate,'yyyy-MM-dd
		hh24:mi:ss') from es_qc_main
		qc where qc.businessno=a.businessno GROUP
		BY
		qc.businessno,inspectdate) inspectdate,
		a."RESOURCE" resourse,
		a.datatype datatype,
		a."TYPE" type,
		(select name from rec_agent ag where
		ag.agentcode=a.properson ) properson,
		(case when (a.operation='1' and
		a.STATUS='0' ) then '否'
		when (a.operation='1' and a.STATUS='3' ) then
		'否'
		else '是' end) notify,
		a.player,
		a.startScanDate startScanDate,
		a.endScanDate endScanDate,
		(SELECT SHORT_NAME FROM sys_organ sy WHERE  sy.code=a.mangcode) mangShortName,
		case (select "COUNT"(evp.PRODUCTNAME) from ES_VIDEO_PRODUCTS evp  where evp.docid=a.docid) WHEN 1 THEN
		(select evp2.PRODUCTNAME from ES_VIDEO_PRODUCTS evp2 where evp2.docid=a.docid ) else '捆绑型产品' END productName,
<!-- 		case (select "COUNT"( DISTINCT evp.PRODUCTNAME) from ES_VIDEO_PRODUCTS evp  where evp.docid=a.docid) WHEN 1 THEN
		(select DISTINCT evp2.PRODUCTNAME from ES_VIDEO_PRODUCTS evp2 where evp2.docid=a.docid ) else '捆绑型产品' END productName, -->
		case (select "COUNT"( DISTINCT evp.businesstypename) from ES_VIDEO_PRODUCTS evp  where evp.docid=a.docid) WHEN 1 THEN (select DISTINCT evp2.businesstypename
		 from ES_VIDEO_PRODUCTS evp2 where evp2.docid=a.docid) else '捆绑型产品' END businessTypeName,
		a.RESOURSE financedCode,
		(SELECT SHORT_NAME FROM sys_organ sy WHERE  sy.code=a.RESOURSEMIN) financedShortName
		FROM es_video_main a
		WHERE 1=1 and '3'>status

	<if test = "esVideoMainVo.agentid !=null and esVideoMainVo.agentid != ''">
		AND a.agentid LIKE '%'||#{esVideoMainVo.agentid}||'%'
	</if>
	<if test = "esVideoMainVo.qcoperator !=null and esVideoMainVo.qcoperator != ''">
		AND a.qcoperator LIKE '%'||#{esVideoMainVo.qcoperator}||'%'
	</if>
	<if test = "esVideoMainVo.qcoperator1 !=null and esVideoMainVo.qcoperator1 != ''">
		AND a.qcoperator in ( select user_id from  sys_user where user_name like '%'|| #{esVideoMainVo.qcoperator1} ||'%' )
	</if>
	<if test="esVideoMainVo.mangcode !=null and esVideoMainVo.mangcode != ''">
			AND (a.mangcode=#{esVideoMainVo.mangcode} or a.RESOURSEMIN=#{esVideoMainVo.mangcode})
	</if>
	<if test = "esVideoMainVo.appntNo !=null and esVideoMainVo.appntNo != ''">
		AND a.appntNo LIKE '%'||#{esVideoMainVo.appntNo}||'%'
	</if>
	<if test = "esVideoMainVo.status2 !=null and esVideoMainVo.status2 !=''">
		AND a.verdict='0' and a.status='1'
	</if>
	<if test = "esVideoMainVo.status3 !=null and esVideoMainVo.status3 !=''">
		AND a.verdict='2' and a.status='1'
	</if>
	<if test = "esVideoMainVo.status4 !=null and esVideoMainVo.status4 !=''">
		AND a.verdict='3' and a.status='1'
	</if>
	<if test = "esVideoMainVo.status5 !=null and esVideoMainVo.status5 !=''">
		AND a.verdict='4' and a.status='1'
	</if>
	<if test = "esVideoMainVo.status6 !=null and esVideoMainVo.status6 !=''">
		AND a.verdict='5' and  a.status in ('1','2')
	</if>
	<if test = "esVideoMainVo.status7 !=null and esVideoMainVo.status7 !=''">
		AND a.verdict='11' and a.status='1'
	</if>
	<if test = "esVideoMainVo.status8 !=null and esVideoMainVo.status8 !=''">
		AND (a.status='0' or a.status='2' and verdict is null)
	</if>
	<if test = "esVideoMainVo.businessTypeCode !=null and esVideoMainVo.businessTypeCode != ''">
		and a.businessno in (select DISTINCT evp.businessno from es_video_products evp where evp.businesstypecode=#{esVideoMainVo.businessTypeCode})
	</if>
	<if test = "esVideoMainVo.productName !=null and esVideoMainVo.productName != ''">
		AND a.businessno in (select DISTINCT evp.businessno from es_video_products evp where evp.productname in (select epm.product_name from es_product_manage epm where  epm.product_code=#{esVideoMainVo.productName}))
	</if>
<!-- 10月7日改为查询所有产品名称	<if test = "esVideoMainVo.productName !=null and esVideoMainVo.productName != ''">
		AND a.businessno in (select DISTINCT evp.businessno from es_video_products evp where evp.productname=(select epm.product_name from es_product_manage epm where epm.state!='3' and epm.product_code=#{esVideoMainVo.productName}))
	</if> -->
	<if test = "esVideoMainVo.risktypecode !=null and esVideoMainVo.risktypecode != ''">
		AND a.businessno in (select DISTINCT evp.businessno from es_video_products evp where evp.productcode=#{esVideoMainVo.risktypecode})
	</if>
	<if test = "esVideoMainVo.startScanDate !=null and esVideoMainVo.startScanDate != ''">
		and a.startScanDate >=#{esVideoMainVo.startScanDate}
	</if>
	<if test = "esVideoMainVo.endScanDate !=null and esVideoMainVo.endScanDate != ''">
		and #{esVideoMainVo.endScanDate}>= a.endScanDate
	</if>
	<if test = "esVideoMainVo.doccode !=null and esVideoMainVo.doccode != ''">
		AND a.doccode LIKE '%'||#{esVideoMainVo.doccode}||'%'
	</if>
	ORDER BY a.STATUS,a.verdict,a.startScanDate desc
	</select>

	<select id="selectByWaitQC" resultType="sinosoft.project.Integrated.vo.EsVideoMainVo"
		parameterType="java.lang.String">
		SELECT
		A .docid,
		A .doccode,
		<!-- (
		SELECT
		dict_name_cn
		FROM
		sys_dictionary D
		WHERE
		D .dict_type = 'operation'
		AND D .dict_code = A .operation
		) operation, -->
		A.doccode businessno,
		(select sy.name from sys_organ sy where A.mangcode =
		sy.code) mangname,
		A.APPNTNO appntNo,
		A.AGENTID agentid,
		case (select "COUNT"(evp.PRODUCTNAME) from ES_VIDEO_PRODUCTS evp  where evp.docid=A.docid) WHEN 1 THEN
		(select evp2.PRODUCTNAME from ES_VIDEO_PRODUCTS evp2 where evp2.docid=A.docid ) else '捆绑型产品' END productname,
<!-- 		case (select "COUNT"( DISTINCT evp.PRODUCTNAME) from ES_VIDEO_PRODUCTS evp  where evp.docid=A.docid) WHEN 1 THEN
		(select DISTINCT evp2.PRODUCTNAME from ES_VIDEO_PRODUCTS evp2 where evp2.docid=A.docid ) else '捆绑型产品' END productname, -->
		case (select "COUNT"( DISTINCT evp.businesstypename) from ES_VIDEO_PRODUCTS evp  where evp.docid=A.docid) WHEN 1 THEN (select DISTINCT evp2.businesstypename
		 from ES_VIDEO_PRODUCTS evp2 where evp2.docid=A.docid) else '捆绑型产品' END businesstype,
		A.RISKTYPECODE productcode,
		to_char(A.STARTSCANDATE,'yyyy-MM-dd hh24:mi:ss') startscandate,
		to_char(A.ENDSCANDATE,'yyyy-MM-dd hh24:mi:ss') endscandate,
		A.STATUS
		status,
		A.RESOURSE resourse,
		(select SO.SHORT_NAME from SYS_ORGAN so
		where A.resoursemin = SO.CODE) resoursemin,
		A .numpages,
		A .qcoperator,
		(SELECT su.user_name FROM
		sys_user su WHERE A.qcoperator = su.user_id)
		qcoperator1,
		A . OPERATOR,
		(select sy.name from sys_organ sy where A.mangcode =
		sy.code) mangcode,
		<!-- sy. NAME mangcode, -->
		<!-- NVL (
		es.risktypename,
		pr.INSURANCE_NAME
		) risktypename, -->
		A .qcrecordcount qcrecordcount,
		(SELECT SHORT_NAME FROM sys_organ sy WHERE  sy.code=A.mangcode) mangShortName
		FROM
		es_video_main A
		<!-- LEFT JOIN sys_organ sy ON A .mangcode = sy.code -->
		<!-- LEFT JOIN es_risktype es ON A .risktypecode = es.risktypeid and es.ACTIVATION_STATE!='3' -->
		<!-- LEFT JOIN es_product_manage pr ON A .risktypecode = pr.INSURANCE_CODE -->
		where 1=1
		and (a.status='2' or (a.status='1' and a.verdict='5'))
		<if test="esVideoMainVo.doccode !=null and esVideoMainVo.doccode != ''">
			AND A.doccode LIKE '%'||#{esVideoMainVo.doccode}||'%'
		</if>
		<if test = "esVideoMainVo.qcoperator !=null and esVideoMainVo.qcoperator != ''">
			AND a.qcoperator LIKE '%'||#{esVideoMainVo.qcoperator}||'%'
		</if>
		<if test = "esVideoMainVo.qcoperator1 !=null and esVideoMainVo.qcoperator1 != ''">
			AND a.qcoperator in ( select user_id from  sys_user where user_name like '%'|| #{esVideoMainVo.qcoperator1} ||'%' )
		</if>
		<if test="esVideoMainVo.financedCode !=null and esVideoMainVo.financedCode != ''">
			AND A.RESOURSE LIKE '%'||#{esVideoMainVo.financedCode}||'%'
		</if>
		<if test="esVideoMainVo.appntno!=null and esVideoMainVo.appntno!=''">
			and A.appntno like #{esVideoMainVo.appntno}||'%'
		</if>
		<if test="esVideoMainVo.agentid!=null and esVideoMainVo.agentid!=''">
			and A.agentid like #{esVideoMainVo.agentid}||'%'
		</if>
		<if test="esVideoMainVo.status !=null and esVideoMainVo.status !=''">
			and A.status!='1'
		</if>
		<if test="esVideoMainVo.status2 !=null and esVideoMainVo.status2 !=''">
			and A.status!='2'
		</if>
		<if test="esVideoMainVo.businesstype !=null and esVideoMainVo.businesstype !=''">
			and A.businessno in (select DISTINCT evp.businessno from es_video_products evp where evp.businesstypecode=#{esVideoMainVo.businesstype})
		</if>
		<if test="esVideoMainVo.productname !=null and esVideoMainVo.productname !=''">
		AND A.businessno in (select DISTINCT evp.businessno from es_video_products evp where evp.productname=(select epm.product_name from es_product_manage epm where epm.state!='3' and epm.product_code=#{esVideoMainVo.productname}))
		</if>
		<if test="esVideoMainVo.productcode !=null and esVideoMainVo.productcode !=''">
		AND A.businessno in (select DISTINCT evp.businessno from es_video_products evp where evp.productcode=#{esVideoMainVo.productcode})
		</if>
		<if test="esVideoMainVo.startScanDate !=null and esVideoMainVo.startScanDate !=''">
			and A.startscandate>=#{esVideoMainVo.startScanDate}
		</if>
		<if test="esVideoMainVo.endScanDate !=null and esVideoMainVo.endScanDate !=''">
			and #{esVideoMainVo.endScanDate}>=A.endscandate
		</if>
		<if test="esVideoMainVo.businessno !=null and esVideoMainVo.businessno !=''">
			AND A.doccode = #{esVideoMainVo.businessno}
		</if>
		<!-- <if test="esVideoMainVo.operation !=null and esVideoMainVo.operation != ''">
			AND A.operation='%'||#{esVideoMainVo.operation}
		</if> -->
		ORDER BY a.status,A.docid desc
	</select>

	<select id="selectByFilterHis" resultType="sinosoft.project.Integrated.vo.EsVideoMainVo"
			parameterType="java.lang.String">
		SELECT
		a.docid,
		a.doccode,
		a.businessno,
		a.beforebusinessno,
		ma.CHANNEL_NAME as channel,
		a.agentid,
		(SELECT CASE WHEN
		COUNT(0)=0 THEN '否' WHEN COUNT(0)>0 THEN '是' END FROM
		es_qc_back c
		WHERE a.businessno=c.businessno ) isback,
		a.agentname,
		a.appntname,
		a.appntidtype,
		a.appntidno,
		to_char(a.appntbirthday,'yyyy-MM-dd')
		birthday,
		a.appntadress,
		a.appntsex,
		a.appntage,
		a.STATUS,
		a.verdict,
		su.user_name as qcoperator,
		sy.NAME as mangcode,
		a.risktypecode,
		a.qcrecordcount,
		a.recdate||' '||a.rectime recdates,
		(SELECT recduration
		FROM es_video_pages_his b WHERE a.docid=b.docid AND
		b.filetype='0'||'秒') recduration,
		a.uploaddate||' '||a.uploadtime
		uploaddates,
		(SELECT COUNT(1) FROM es_qc_point qc WHERE qc.businessno =
		a.businessno )
		COUNT,
		(SELECT DISTINCT to_char(inspectdate,'yyyy-MM-dd hh24:mi:ss') from es_qc_main
		qc where qc.businessno=a.businessno)
		inspectdate,
		a."RESOURCE" resourse,
		a.datatype datatype,
		a.type type,
		ag.name as properson,
		(case
		when (a."RESOURCE"='1' and a.STATUS='0' ) then '否'
		when (a."RESOURCE"='1' and a.STATUS='3' ) then '否'
		else '是'
		end)
		notify,
		a.player,
		a.appntNo,
		a.startScanDate startScanDate,
		a.endScanDate endScanDate,
		sy.SHORT_NAME as mangShortName,
		'' productName,
		'' businessTypeName,
		a.RESOURSE financedCode,
		(SELECT SHORT_NAME FROM sys_organ sy WHERE  sy.code=a.RESOURSEMIN) financedShortName
		FROM
		es_video_main_his a
		left join
		es_channel_manage ma on ma.channel_code = a.channel
		left join
		sys_user su on a.qcoperator = su.user_id
		left join
		sys_organ sy on sy.code=a.mangcode
		left join
		rec_agent ag on ag.agentcode=a.properson
		WHERE
		doccode=#{doccode}
		ORDER BY
		a.uploaddate desc ,a.uploadtime desc
	</select>

	<select id="selectProductsByDocid" resultType="sinosoft.project.entity.ProductManage" parameterType="java.lang.String" >
		select
			evp2.BUSINESSTYPENAME businessTypeName,
			evp2.PRODUCTNAME productName,
			evp2.PRODUCTCODE productCode,
			evp2.INVESTMENT investment,
			evp2.PRODUCTRISKLEVELS productRiskLevels,
			evp2.COMPANYNAME companyName
		from
			ES_VIDEO_PRODUCTS evp2
		where evp2.docid=#{docid}
	</select>

	<select id="selectByPrimaryKey" resultMap="BaseResultMap"
		parameterType="java.lang.String">
		select
		<include refid="Base_Column_List" />
		from es_video_main
		where docid = #{docid,jdbcType=VARCHAR}
	</select>
	<select id="selectByDoccode" resultMap="BaseResultMap"
		parameterType="java.lang.String">
		select
		<include refid="Base_Column_List" />
		from es_video_main
		where doccode = #{doccode,jdbcType=VARCHAR}
	</select>
	<select id="selectDocidByBusinessno" resultMap="BaseResultMap"
		parameterType="java.lang.String">
		select
		docid,qcrecordcount,qcoperator,mangcode company
		from es_video_main
		where businessno = #{businessno,jdbcType=VARCHAR} and status='1' and verdict='2'
	</select>
	<select id="selectByBusinessno" resultType="sinosoft.project.Integrated.vo.EsVideoMainVo"
		parameterType="java.lang.String">
		select
		BUSINESSTYPE
		from LD_BUSINESS lb
		where lb.businesstypeno = #{0,jdbcType=VARCHAR} and lb.salestatus!='3'
  	</select>
	<select id="selectByPrimaryKeyHis" resultType="sinosoft.project.Integrated.vo.EsVideoMainVo"
		parameterType="java.lang.String">
		select
		<include refid="Base_Column_List" />
		from es_video_main_his
		where docid = #{docid,jdbcType=VARCHAR}
	</select>
	<delete id="deleteByPrimaryKey" parameterType="java.lang.String">
		delete from
		es_video_main
		where docid = #{docid,jdbcType=VARCHAR}
	</delete>
	<insert id="insert" parameterType="sinosoft.project.Integrated.beans.EsVideoMain">
		insert into es_video_main
		(docid, doccode, businessno,
		beforebusinessno, channel, busstype,
		subtype, type, numpages,
		agentid, agentname, company,
		risktypecode,
		appntname, appntidtype,
		appntidno, appntbirthday, appntadress,
		appntsex, appntage, insuredname,
		insuredtype, insuredno,
		insuredbirthday,
		insuredadress, insuredsex, insuredage,
		polapplydate,
		status, verdict,
		qcoperator, create_date, modify_date,
		operator)
		values
		(#{docid,jdbcType=VARCHAR}, #{doccode,jdbcType=VARCHAR},
		#{businessno,jdbcType=VARCHAR},
		#{beforebusinessno,jdbcType=VARCHAR},
		#{channel,jdbcType=VARCHAR}, #{busstype,jdbcType=VARCHAR},
		#{subtype,jdbcType=VARCHAR}, #{type,jdbcType=VARCHAR},
		#{numpages,jdbcType=VARCHAR},
		#{agentid,jdbcType=VARCHAR},
		#{agentname,jdbcType=VARCHAR}, #{company,jdbcType=VARCHAR},
		#{risktypecode,jdbcType=VARCHAR}, #{appntname,jdbcType=VARCHAR},
		#{appntidtype,jdbcType=VARCHAR},
		#{appntidno,jdbcType=VARCHAR},
		#{appntbirthday,jdbcType=TIMESTAMP}, #{appntadress,jdbcType=VARCHAR},
		#{appntsex,jdbcType=VARCHAR}, #{appntage,jdbcType=VARCHAR},
		#{insuredname,jdbcType=VARCHAR},
		#{insuredtype,jdbcType=VARCHAR},
		#{insuredno,jdbcType=VARCHAR}, #{insuredbirthday,jdbcType=TIMESTAMP},
		#{insuredadress,jdbcType=VARCHAR}, #{insuredsex,jdbcType=VARCHAR},
		#{insuredage,jdbcType=VARCHAR},
		#{polapplydate,jdbcType=TIMESTAMP},
		#{status,jdbcType=VARCHAR}, #{verdict,jdbcType=VARCHAR},
		#{qcoperator,jdbcType=VARCHAR}, #{createDate,jdbcType=TIMESTAMP},
		#{modifyDate,jdbcType=TIMESTAMP},
		#{operator,jdbcType=VARCHAR})
	</insert>
	<insert id="insertSelective" parameterType="sinosoft.project.Integrated.beans.EsVideoMain">
		insert into es_video_main
		<trim prefix="(" suffix=")" suffixOverrides=",">
			<if test="docid != null">
				docid,
			</if>
			<if test="doccode != null">
				doccode,
			</if>
			<if test="businessno != null">
				businessno,
			</if>
			<if test="beforebusinessno != null">
				beforebusinessno,
			</if>
			<if test="channel != null">
				channel,
			</if>
			<if test="busstype != null">
				busstype,
			</if>
			<if test="subtype != null">
				subtype,
			</if>
			<if test="type != null">
				type,
			</if>
			<if test="numpages != null">
				numpages,
			</if>
			<if test="agentid != null">
				agentid,
			</if>
			<if test="agentname != null">
				agentname,
			</if>
			<if test="company != null">
				company,
			</if>
			<if test="risktypecode != null">
				risktypecode,
			</if>
			<if test="appntname != null">
				appntname,
			</if>
			<if test="appntidtype != null">
				appntidtype,
			</if>
			<if test="appntidno != null">
				appntidno,
			</if>
			<if test="appntbirthday != null">
				appntbirthday,
			</if>
			<if test="appntadress != null">
				appntadress,
			</if>
			<if test="appntsex != null">
				appntsex,
			</if>
			<if test="appntage != null">
				appntage,
			</if>
			<if test="insuredname != null">
				insuredname,
			</if>
			<if test="insuredtype != null">
				insuredtype,
			</if>
			<if test="insuredno != null">
				insuredno,
			</if>
			<if test="insuredbirthday != null">
				insuredbirthday,
			</if>
			<if test="insuredadress != null">
				insuredadress,
			</if>
			<if test="insuredsex != null">
				insuredsex,
			</if>
			<if test="insuredage != null">
				insuredage,
			</if>
			<if test="polapplydate != null">
				polapplydate,
			</if>
			<if test="status != null">
				status,
			</if>
			<if test="verdict != null">
				verdict,
			</if>
			<if test="qcoperator != null">
				qcoperator,
			</if>
			<if test="createDate != null">
				create_date,
			</if>
			<if test="modifyDate != null">
				modify_date,
			</if>
			<if test="operator != null">
				operator,
			</if>
		</trim>
		<trim prefix="values (" suffix=")" suffixOverrides=",">
			<if test="docid != null">
				#{docid,jdbcType=VARCHAR},
			</if>
			<if test="doccode != null">
				#{doccode,jdbcType=VARCHAR},
			</if>
			<if test="businessno != null">
				#{businessno,jdbcType=VARCHAR},
			</if>
			<if test="beforebusinessno != null">
				#{beforebusinessno,jdbcType=VARCHAR},
			</if>
			<if test="channel != null">
				#{channel,jdbcType=VARCHAR},
			</if>
			<if test="busstype != null">
				#{busstype,jdbcType=VARCHAR},
			</if>
			<if test="subtype != null">
				#{subtype,jdbcType=VARCHAR},
			</if>
			<if test="type != null">
				#{type,jdbcType=VARCHAR},
			</if>
			<if test="numpages != null">
				#{numpages,jdbcType=VARCHAR},
			</if>
			<if test="agentid != null">
				#{agentid,jdbcType=VARCHAR},
			</if>
			<if test="agentname != null">
				#{agentname,jdbcType=VARCHAR},
			</if>
			<if test="company != null">
				#{company,jdbcType=VARCHAR},
			</if>
			<if test="risktypecode != null">
				#{risktypecode,jdbcType=VARCHAR},
			</if>
			<if test="appntname != null">
				#{appntname,jdbcType=VARCHAR},
			</if>
			<if test="appntidtype != null">
				#{appntidtype,jdbcType=VARCHAR},
			</if>
			<if test="appntidno != null">
				#{appntidno,jdbcType=VARCHAR},
			</if>
			<if test="appntbirthday != null">
				#{appntbirthday,jdbcType=TIMESTAMP},
			</if>
			<if test="appntadress != null">
				#{appntadress,jdbcType=VARCHAR},
			</if>
			<if test="appntsex != null">
				#{appntsex,jdbcType=VARCHAR},
			</if>
			<if test="appntage != null">
				#{appntage,jdbcType=VARCHAR},
			</if>
			<if test="insuredname != null">
				#{insuredname,jdbcType=VARCHAR},
			</if>
			<if test="insuredtype != null">
				#{insuredtype,jdbcType=VARCHAR},
			</if>
			<if test="insuredno != null">
				#{insuredno,jdbcType=VARCHAR},
			</if>
			<if test="insuredbirthday != null">
				#{insuredbirthday,jdbcType=TIMESTAMP},
			</if>
			<if test="insuredadress != null">
				#{insuredadress,jdbcType=VARCHAR},
			</if>
			<if test="insuredsex != null">
				#{insuredsex,jdbcType=VARCHAR},
			</if>
			<if test="insuredage != null">
				#{insuredage,jdbcType=VARCHAR},
			</if>
			<if test="polapplydate != null">
				#{polapplydate,jdbcType=TIMESTAMP},
			</if>
			<if test="status != null">
				#{status,jdbcType=VARCHAR},
			</if>
			<if test="verdict != null">
				#{verdict,jdbcType=VARCHAR},
			</if>
			<if test="qcoperator != null">
				#{qcoperator,jdbcType=VARCHAR},
			</if>
			<if test="createDate != null">
				#{createDate,jdbcType=TIMESTAMP},
			</if>
			<if test="modifyDate != null">
				#{modifyDate,jdbcType=TIMESTAMP},
			</if>
			<if test="operator != null">
				#{operator,jdbcType=VARCHAR},
			</if>
		</trim>
	</insert>
	<update id="updateBybussno" parameterType="map">
		update es_video_main
		set
		status=#{esVideoMainVo.status},verdict=#{esVideoMainVo.verdict},QcRecordCount=#{esVideoMainVo.qcrecordcount
		}-1,
		modify_date=#{esVideoMainVo.modifyDate},operator=#{esVideoMainVo.operator}
		where businessno = #{esVideoMainVo.businessno}
	</update>
	<!-- 整改过期专用 -->
	<update id="updateBybussno2" parameterType="map">
		update es_video_main
		set
		status=#{esVideoMainVo.status},verdict=#{esVideoMainVo.verdict},
		modify_date=#{esVideoMainVo.modifyDate}
		where businessno = #{esVideoMainVo.businessno}
	</update>
	<update id="updateByPrimaryKeySelective" parameterType="sinosoft.project.Integrated.beans.EsVideoMain">
		update es_video_main
		<set>
			<if test="doccode != null">
				doccode = #{doccode,jdbcType=VARCHAR},
			</if>
			<if test="businessno != null">
				businessno = #{businessno,jdbcType=VARCHAR},
			</if>
			<if test="beforebusinessno != null">
				beforebusinessno = #{beforebusinessno,jdbcType=VARCHAR},
			</if>
			<if test="channel != null">
				channel = #{channel,jdbcType=VARCHAR},
			</if>
			<if test="busstype != null">
				busstype = #{busstype,jdbcType=VARCHAR},
			</if>
			<if test="subtype != null">
				subtype = #{subtype,jdbcType=VARCHAR},
			</if>
			<if test="type != null">
				type = #{type,jdbcType=VARCHAR},
			</if>
			<if test="numpages != null">
				numpages = #{numpages,jdbcType=VARCHAR},
			</if>
			<if test="agentid != null">
				agentid = #{agentid,jdbcType=VARCHAR},
			</if>
			<if test="agentname != null">
				agentname = #{agentname,jdbcType=VARCHAR},
			</if>
			<if test="company != null">
				company = #{company,jdbcType=VARCHAR},
			</if>
			<if test="risktypecode != null">
				risktypecode = #{risktypecode,jdbcType=VARCHAR},
			</if>
			<if test="appntname != null">
				appntname = #{appntname,jdbcType=VARCHAR},
			</if>
			<if test="appntidtype != null">
				appntidtype = #{appntidtype,jdbcType=VARCHAR},
			</if>
			<if test="appntidno != null">
				appntidno = #{appntidno,jdbcType=VARCHAR},
			</if>
			<if test="appntbirthday != null">
				appntbirthday = #{appntbirthday,jdbcType=TIMESTAMP},
			</if>
			<if test="appntadress != null">
				appntadress = #{appntadress,jdbcType=VARCHAR},
			</if>
			<if test="appntsex != null">
				appntsex = #{appntsex,jdbcType=VARCHAR},
			</if>
			<if test="appntage != null">
				appntage = #{appntage,jdbcType=VARCHAR},
			</if>
			<if test="insuredname != null">
				insuredname = #{insuredname,jdbcType=VARCHAR},
			</if>
			<if test="insuredtype != null">
				insuredtype = #{insuredtype,jdbcType=VARCHAR},
			</if>
			<if test="insuredno != null">
				insuredno = #{insuredno,jdbcType=VARCHAR},
			</if>
			<if test="insuredbirthday != null">
				insuredbirthday = #{insuredbirthday,jdbcType=TIMESTAMP},
			</if>
			<if test="insuredadress != null">
				insuredadress = #{insuredadress,jdbcType=VARCHAR},
			</if>
			<if test="insuredsex != null">
				insuredsex = #{insuredsex,jdbcType=VARCHAR},
			</if>
			<if test="insuredage != null">
				insuredage = #{insuredage,jdbcType=VARCHAR},
			</if>
			<if test="polapplydate != null">
				polapplydate = #{polapplydate,jdbcType=TIMESTAMP},
			</if>
			<if test="status != null">
				status = #{status,jdbcType=VARCHAR},
			</if>
			<if test="verdict != null">
				verdict = #{verdict,jdbcType=VARCHAR},
			</if>
			<if test="qcoperator != null">
				qcoperator = #{qcoperator,jdbcType=VARCHAR},
			</if>
			<if test="createDate != null">
				create_date = #{createDate,jdbcType=TIMESTAMP},
			</if>
			<if test="modifyDate != null">
				modify_date = #{modifyDate,jdbcType=TIMESTAMP},
			</if>
			<if test="operator != null">
				operator = #{operator,jdbcType=VARCHAR},
			</if>
		</set>
		where docid = #{docid,jdbcType=VARCHAR}
	</update>
	<update id="updateByPrimaryKey" parameterType="sinosoft.project.Integrated.beans.EsVideoMain">
		update
		es_video_main
		set doccode = #{doccode,jdbcType=VARCHAR},
		businessno =
		#{businessno,jdbcType=VARCHAR},
		beforebusinessno =
		#{beforebusinessno,jdbcType=VARCHAR},
		channel =
		#{channel,jdbcType=VARCHAR},
		busstype = #{busstype,jdbcType=VARCHAR},
		subtype = #{subtype,jdbcType=VARCHAR},
		type = #{type,jdbcType=VARCHAR},
		numpages = #{numpages,jdbcType=VARCHAR},
		agentid =
		#{agentid,jdbcType=VARCHAR},
		agentname = #{agentname,jdbcType=VARCHAR},
		company = #{company,jdbcType=VARCHAR},
		risktypecode =
		#{risktypecode,jdbcType=VARCHAR},
		appntname =
		#{appntname,jdbcType=VARCHAR},
		appntidtype =
		#{appntidtype,jdbcType=VARCHAR},
		appntidno =
		#{appntidno,jdbcType=VARCHAR},
		appntbirthday =
		#{appntbirthday,jdbcType=TIMESTAMP},
		appntadress =
		#{appntadress,jdbcType=VARCHAR},
		appntsex =
		#{appntsex,jdbcType=VARCHAR},
		appntage = #{appntage,jdbcType=VARCHAR},
		insuredname = #{insuredname,jdbcType=VARCHAR},
		insuredtype =
		#{insuredtype,jdbcType=VARCHAR},
		insuredno =
		#{insuredno,jdbcType=VARCHAR},
		insuredbirthday =
		#{insuredbirthday,jdbcType=TIMESTAMP},
		insuredadress =
		#{insuredadress,jdbcType=VARCHAR},
		insuredsex =
		#{insuredsex,jdbcType=VARCHAR},
		insuredage =
		#{insuredage,jdbcType=VARCHAR},
		polapplydate =
		#{polapplydate,jdbcType=TIMESTAMP},
		status =
		#{status,jdbcType=VARCHAR},
		verdict = #{verdict,jdbcType=VARCHAR},
		qcoperator = #{qcoperator,jdbcType=VARCHAR},
		create_date =
		#{createDate,jdbcType=TIMESTAMP},
		modify_date =
		#{modifyDate,jdbcType=TIMESTAMP},
		operator =
		#{operator,jdbcType=VARCHAR}
		where docid = #{docid,jdbcType=VARCHAR}
	</update>
	<select id="selectByFilterQC2" resultType="sinosoft.project.Integrated.vo.EsVideoMainVo"
		parameterType="java.lang.String">
		SELECT
		a.docid,
		a.doccode,
		a.agentid,
		a.appntNo,
		a.STATUS,
		a.verdict,
		(SELECT NAME
		FROM sys_organ sy WHERE sy.code=a.mangcode) mangcode,
		a.risktypecode,
		a.startScanDate startScanDate,
		a.endScanDate endScanDate,
		(SELECT SHORT_NAME FROM sys_organ sy WHERE  sy.code=a.mangcode) mangShortName,
		case (select "COUNT"(evp.PRODUCTNAME) from ES_VIDEO_PRODUCTS evp  where evp.docid=a.docid) WHEN 1 THEN
		(select evp2.PRODUCTNAME from ES_VIDEO_PRODUCTS evp2 where evp2.docid=a.docid ) else '捆绑型产品' END productName,
<!-- 		case (select "COUNT"( DISTINCT evp.PRODUCTNAME) from ES_VIDEO_PRODUCTS evp  where evp.docid=a.docid) WHEN 1 THEN
		(select DISTINCT evp2.PRODUCTNAME from ES_VIDEO_PRODUCTS evp2 where evp2.docid=a.docid ) else '捆绑型产品' END productName, -->
		case (select "COUNT"( DISTINCT evp.businesstypename) from ES_VIDEO_PRODUCTS evp  where evp.docid=a.docid) WHEN 1 THEN (select DISTINCT evp2.businesstypename
		 from ES_VIDEO_PRODUCTS evp2 where evp2.docid=a.docid) else '捆绑型产品' END businessTypeName,
		a.RESOURSE financedCode,
		(SELECT SHORT_NAME FROM sys_organ sy WHERE  sy.code=a.RESOURSEMIN) financedShortName
		from
		es_video_main a
		<!-- left join ld_point_describe es on a.risktypecode=es.RISKTYPECODE -->
		where 1=1
		and a.status='1' and verdict='2'
		<if test="esVideoMainVo.doccode !=null and esVideoMainVo.doccode != ''">
			AND a.doccode LIKE '%'||#{esVideoMainVo.doccode}||'%'
		</if>
		<if test="esVideoMainVo.qcoperator !=null and esVideoMainVo.qcoperator != ''">
			AND a.qcoperator LIKE '%'||#{esVideoMainVo.qcoperator}||'%'
		</if>/*1234*/
		<if
			test="esVideoMainVo.qcoperator1 !=null and esVideoMainVo.qcoperator1 != ''">
			AND a.qcoperator in (select user_id from sys_user where user_name
			like
			'%'||#{esVideoMainVo.qcoperator1}||'%')
		</if>
		<if test = "esVideoMainVo.agentid !=null and esVideoMainVo.agentid != ''">
		AND a.agentid LIKE '%'||#{esVideoMainVo.agentid}||'%'
	</if>
	<!-- 下面的两个客户号,当时映射有问题,加了两个N和n的区分,当时会映射错 -->
	<if test = "esVideoMainVo.appntNo !=null and esVideoMainVo.appntNo != ''">
		AND a.appntNo LIKE '%'||#{esVideoMainVo.appntNo}||'%'
	</if>
	<if test = "esVideoMainVo.appntno !=null and esVideoMainVo.appntno != ''">
		AND a.appntNo LIKE '%'||#{esVideoMainVo.appntno}||'%'
	</if>
	<if test = "esVideoMainVo.status2 !=null and esVideoMainVo.status2 !=''">
		AND a.verdict='0'
	</if>
	<if test = "esVideoMainVo.status3 !=null and esVideoMainVo.status3 !=''">
		AND a.verdict='2'
	</if>
	<if test = "esVideoMainVo.status4 !=null and esVideoMainVo.status4 !=''">
		AND a.verdict='3'
	</if>
	<if test = "esVideoMainVo.status5 !=null and esVideoMainVo.status5 !=''">
		AND a.verdict='4'
	</if>
	<if test = "esVideoMainVo.status7 !=null and esVideoMainVo.status7 !=''">
		AND a.verdict='11'
	</if>
	<if test = "esVideoMainVo.businesstype !=null and esVideoMainVo.businesstype != ''">
		and a.businessno in (select DISTINCT evp.businessno from es_video_products evp where evp.businesstypecode=#{esVideoMainVo.businesstype})
	</if>
	<if test = "esVideoMainVo.businessTypeCode !=null and esVideoMainVo.businessTypeCode != ''">
		and a.businessno in (select DISTINCT evp.businessno from es_video_products evp where evp.businesstypecode=#{esVideoMainVo.businessTypeCode})
	</if>
	<if test = "esVideoMainVo.productname !=null and esVideoMainVo.productname != ''">
		AND a.businessno in (select DISTINCT evp.businessno from es_video_products evp where evp.productname=(select epm.product_name from es_product_manage epm where epm.state!='3' and epm.product_code=#{esVideoMainVo.productname}))
	</if>
	<if test = "esVideoMainVo.risktypecode !=null and esVideoMainVo.risktypecode != ''">
		AND a.businessno in (select DISTINCT evp.businessno from es_video_products evp where evp.productcode=#{esVideoMainVo.risktypecode})
	</if>
	<if test = "esVideoMainVo.startScanDate !=null and esVideoMainVo.startScanDate != ''">
		and a.startscandate >=#{esVideoMainVo.startScanDate}
	</if>
	<if test = "esVideoMainVo.endScanDate !=null and esVideoMainVo.endScanDate != ''">
		and #{esVideoMainVo.endScanDate}>= a.endscandate
	</if>
		ORDER BY a.uploaddate desc ,a.uploadtime desc
	</select>
</mapper>
