<?xml version="1.0" encoding="UTF-8" ?>
<!DOCTYPE mapper PUBLIC "-//mybatis.org//DTD Mapper 3.0//EN" "http://mybatis.org/dtd/mybatis-3-mapper.dtd" >
<mapper namespace="sinosoft.platform.riskType.dao.DescribeMapper" >
  <resultMap id="BaseResultMap" type="sinosoft.platform.riskType.beans.Describe" >
    <id column="describe_id" property="describeId" jdbcType="VARCHAR" />
    <result column="describe_content" property="describeContent" jdbcType="VARCHAR" />
    <result column="mainPoint_id" property="mainpointId" jdbcType="VARCHAR" />
    <result column="operator" property="operator" jdbcType="VARCHAR" />
    <result column="activation_state" property="activationState" jdbcType="VARCHAR" />
     <result column="failure_time" property="failureTime" jdbcType="TIMESTAMP" />
    <result column="CREATE_DATETIME" property="createDatetime" jdbcType="TIMESTAMP" />
    <result column="MODIFY_DATETIME" property="modifyDatetime" jdbcType="TIMESTAMP" />
    <result column="attribute" property="attribute" jdbcType="VARCHAR" />    
     <result column="DESCRIBE_CONTENT_ENGLISH" property="describeContentEnglish" jdbcType="VARCHAR" /> 
      <result column="DESCRIBE_ATTENTION" property="describeAttention" jdbcType="VARCHAR" /> 
  </resultMap>
  <sql id="Base_Column_List" >
    describe_id, describe_content, mainPoint_id,  operator, CREATE_DATETIME, 
    MODIFY_DATETIME,activation_state,failure_time,attribute,DESCRIBE_CONTENT_ENGLISH,DESCRIBE_ATTENTION
  </sql>
  <select id="SelectExcelPoi" resultType="sinosoft.platform.riskType.beans.Point" parameterType="map">
	select * from  (select 
			ldd.mainpoint_id mainpointId,
			ldd.describe_id describeId,
			(select ldp.mainpoint_name from ld_point ldp where ldp.mainpoint_id=ldd.mainpoint_id) mainpointName,
			(select b.risktypename  from es_risktype b  where b.ACTIVATION_STATE!='3' and  b.risktypecode=(select ldp.business_type from ld_point ldp where ldp.mainpoint_id=ldd.mainpoint_id)) businessType,
			(select ldp.is_old from ld_point ldp where ldp.mainpoint_id=ldd.mainpoint_id) isOld,
			(select ldp.is_readable from ld_point ldp where ldp.mainpoint_id=ldd.mainpoint_id) isReadable,
			(select ldp.has_saler from ld_point ldp where ldp.mainpoint_id=ldd.mainpoint_id) hasSaler,
			ldd.describe_content describeContent,
			ldd.describe_content_english describeContentEnglish,
			ldd.describe_attention describeAttention
			from ld_describe ldd 	where  ldd.activation_state in('0','1','2') 
			and ldd.mainpoint_id in (
			SELECT mainpoint_id from ld_point a where 1=1
			<if test="point.mainpointName != null and point.mainpointName !='' "> 
	  				and a.mainPoint_name like '%'||#{point.mainpointName}||'%' 
			</if>
		 	<if test="point.activationState !=null and point.activationState!='' and point.oragancode !='ALL'">
			  		and a.activation_state =#{point.activationState}
			</if> 
			<if test="point.businessType !=null and point.businessType!=''  ">
			  		and a.BUSINESS_TYPE =#{point.businessType}
			</if> 
			)
			union 
			select 
			mainpoint_id mainpointId,
			'' describeId,
			mainpoint_name mainpointName,
			(select risktypename  from es_risktype b where  b.risktypecode=a.business_type and b.ACTIVATION_STATE!='3' ) businessType,
			is_old isOld,
			is_readable isReadable,
			has_saler hasSaler,
			'' describeContent,
			'' describeContentEnglish,
			'' describeAttention
			from ld_point a where 1=1  and a.activation_state != '3'
			<if test="point.mainpointName != null and point.mainpointName !='' "> 
	  				and a.mainPoint_name like '%'||#{point.mainpointName}||'%' 
			</if>
		 	<if test="point.activationState !=null and point.activationState!='' and point.oragancode !='ALL'">
			  		and a.activation_state =#{point.activationState}
			</if> 
			<if test="point.businessType !=null and point.businessType!=''  ">
			  		and a.BUSINESS_TYPE =#{point.businessType}
			</if> 
			) c  ORDER BY c.mainpointId
  </select>
    <select id="getDescribe" resultMap="BaseResultMap" parameterType="java.lang.String">
  	select 
	<include refid="Base_Column_List" />
	from ld_describe WHERE describe_id = #{describeId,jdbcType=VARCHAR}
  </select> 
  <select id="selectdescribeList" resultMap="BaseResultMap" parameterType="java.lang.String">
  	select 
	describe_id, describe_content, mainPoint_id,  operator, CREATE_DATETIME, PATH,
    MODIFY_DATETIME,activation_state,failure_time,attribute,DESCRIBE_CONTENT_ENGLISH,DESCRIBE_ATTENTION,
	   (CASE WHEN ISUPLOAD ='1' then '是'
  		 WHEN ISUPLOAD ='0' then '否' ELSE '否' end) isUpload
	from ld_describe WHERE 1=1 
	<if test="mainpointId != null and mainpointId!=''" >
        and mainpoint_id = #{mainpointId,jdbcType=VARCHAR} 
     </if>
	<if test="isDelete=='No'" >
		and activation_state in('0','1','2') 
     </if>
	order by describe_id
  </select>
  <select id="selectdescribeListnodel" resultMap="BaseResultMap" parameterType="java.lang.String">
  	select 
	<include refid="Base_Column_List" />
	from ld_describe WHERE 1=1 
	<if test="mainpointId != null and mainpointId!=''" >
        and mainpoint_id = #{mainpointId,jdbcType=VARCHAR} and activation_state in('0','1','2')
     </if>
	order by describe_id
  </select>
  <select id="selectdescribeListByMainpointId" resultMap="BaseResultMap" parameterType="java.lang.String">
  	select 
	<include refid="Base_Column_List" />
	from ld_describe WHERE 1=1 
	<if test="oldmainpointId != null and oldmainpointId!=''" >
        and mainpoint_id = #{oldmainpointId,jdbcType=VARCHAR} 
     </if>
	order by describe_id
  </select>
  <select id="selectdescribe" resultMap="BaseResultMap" parameterType="java.lang.String">
  	select 
	<include refid="Base_Column_List" />
	from ld_describe WHERE mainpoint_id = #{mainpointId,jdbcType=VARCHAR} and activation_state in('0','1','2') order by describe_id
  </select>  
  <select id="getTree" resultMap="BaseResultMap" parameterType="java.lang.String">
  	 select distinct describe_content from ld_describe 
  </select>
  
  <select id="riskTypeQuery" resultType="sinosoft.platform.riskType.beans.RiskPointDescribeVo" parameterType="java.lang.String">
  		select  ID,MAINPOINTID,DESCRIBEID from ld_point_describe where MAINPOINTID=#{0} and ACTIVATIONSTATE !='3' 
  </select> 
  <select id="riskTypeQueryByDescribe" resultType="sinosoft.platform.riskType.beans.RiskPointDescribeVo" parameterType="java.lang.String">
  		select  ID,MAINPOINTID,DESCRIBEID from ld_point_describe where DESCRIBEID=#{0} and ACTIVATIONSTATE !='3'
  </select>
  <select id="selectDesename" resultMap="BaseResultMap" parameterType="java.lang.String">
  		select describe_content describeContent from ld_describe where describe_id=#{0}
  </select>
  <select id="selectByPrimaryKey" resultMap="BaseResultMap" parameterType="java.lang.String" >
    select 
    <include refid="Base_Column_List" />
    from ld_describe
    where describe_id = #{describeId,jdbcType=VARCHAR} order by MODIFY_DATETIME desc
  </select> 
  <select id="selectByIdAndNoDelete" resultMap="BaseResultMap" parameterType="java.lang.String" >
    select 
    <include refid="Base_Column_List" />
    from ld_describe
    where describe_id = #{describeId,jdbcType=VARCHAR} and activation_state!='3'
  </select> 
  <delete id="deleteRiskTypeByDescribe" parameterType="java.lang.String" >
    delete from ld_point_describe
    where DESCRIBEID = #{describeId,jdbcType=VARCHAR}
  </delete> 
  <delete id="deleteByPoint" parameterType="java.lang.String" >
    delete from ld_describe
    where mainPoint_id = #{mainpointId,jdbcType=VARCHAR}
  </delete>
  <delete id="deleteByPrimaryKey" parameterType="java.lang.String" >
    delete from ld_describe
    where describe_id = #{describeId,jdbcType=VARCHAR}
  </delete>
  <insert id="insert" parameterType="sinosoft.platform.riskType.beans.Describe" >
    insert into ld_describe (describe_id, describe_content, mainPoint_id, 
       operator,CREATE_DATETIME, MODIFY_DATETIME,activation_state,failure_time,attribute,DESCRIBE_CONTENT_ENGLISH,DESCRIBE_ATTENTION)
    values (#{describeId,jdbcType=VARCHAR}, #{describeContent,jdbcType=VARCHAR}, #{mainpointId,jdbcType=VARCHAR}, 
      #{operator,jdbcType=VARCHAR}, #{createDatetime,jdbcType=TIMESTAMP}, #{modifyDatetime,jdbcType=TIMESTAMP}
      , #{activationState,jdbcType=VARCHAR}, #{failureTime,jdbcType=TIMESTAMP},#{attribute,jdbcType=VARCHAR},#{describeContentEnglish,jdbcType=VARCHAR},#{describeAttention,jdbcType=VARCHAR})
  </insert>
  <insert id="insertSelective" parameterType="sinosoft.platform.riskType.beans.Describe" >
    insert into ld_describe
    <trim prefix="(" suffix=")" suffixOverrides="," >
      <if test="describeId != null" >
        describe_id,
      </if>
      <if test="describeContent != null" >
        describe_content,
      </if>
      <if test="mainpointId != null" >
        mainPoint_id,
      </if>
      <if test="operator != null" >
        operator,
      </if>
      <if test="createDatetime != null" >
        CREATE_DATETIME,
      </if>
      <if test="modifyDatetime != null" >
        MODIFY_DATETIME,
      </if>
      <if test="attribute != null" >
        attribute,
      </if>
    </trim>
    <trim prefix="values (" suffix=")" suffixOverrides="," >
      <if test="describeId != null" >
        #{describeId,jdbcType=VARCHAR},
      </if>
      <if test="describeContent != null" >
        #{describeContent,jdbcType=VARCHAR},
      </if>
      <if test="mainpointId != null" >
        #{mainpointId,jdbcType=VARCHAR},
      </if>
      <if test="operator != null" >
        #{operator,jdbcType=VARCHAR},
      </if>
      <if test="createDatetime != null" >
        #{createDatetime,jdbcType=TIMESTAMP},
      </if>
      <if test="modifyDatetime != null" >
        #{modifyDatetime,jdbcType=TIMESTAMP},
      </if>
      <if test="attribute != null" >
        #{attribute,jdbcType=VARCHAR},
      </if>
    </trim>
  </insert>
  <update id="updateByPrimaryKeySelective" parameterType="sinosoft.platform.riskType.beans.Describe" >
    update ld_describe
    <set >
      <if test="describeContent != null" >
        describe_content = #{describeContent,jdbcType=VARCHAR},
      </if>
      <if test="mainpointId != null" >
        mainPoint_id = #{mainpointId,jdbcType=VARCHAR},
      </if>
      <if test="operator != null" >
        operator = #{operator,jdbcType=VARCHAR},
      </if>
      <if test="createDatetime != null" >
        CREATE_DATETIME = #{createDatetime,jdbcType=TIMESTAMP},
      </if>
      <if test="activationState != null" >
        activation_state = #{activationState,jdbcType=VARCHAR},
      </if>
      <if test="modifyDatetime != null" >
        MODIFY_DATETIME = #{modifyDatetime,jdbcType=TIMESTAMP},
      </if>
      <if test="failureTime != null" >
        failure_time = #{failureTime,jdbcType=TIMESTAMP},
      </if>
      <if test="attribute != null" >
        attribute = #{attribute,jdbcType=TIMESTAMP},
      </if>
      <if test="describeContentEnglish != null" >
        DESCRIBE_CONTENT_ENGLISH = #{describeContentEnglish,jdbcType=VARCHAR},
      </if>
      <if test="describeAttention != null" >
        DESCRIBE_ATTENTION = #{describeAttention,jdbcType=VARCHAR},
      </if>
    </set>
    where describe_id = #{describeId,jdbcType=VARCHAR}
  </update>
  <update id="updateByPrimaryKey" parameterType="sinosoft.platform.riskType.beans.Describe" >
    update ld_describe
    set describe_content = #{describeContent,jdbcType=VARCHAR},
      mainPoint_id = #{mainpointId,jdbcType=VARCHAR},
      operator = #{operator,jdbcType=VARCHAR},
      CREATE_DATETIME = #{createDatetime,jdbcType=TIMESTAMP},
      MODIFY_DATETIME = #{modifyDatetime,jdbcType=TIMESTAMP}
    where describe_id = #{describeId,jdbcType=VARCHAR}
  </update>
  <update id="updateDescribeByPrimaryKey" parameterType="sinosoft.platform.riskType.beans.Describe" >
    update ld_describe
    set 
      describe_id= #{describeId,jdbcType=VARCHAR},  
      mainPoint_id = #{mainpointId,jdbcType=VARCHAR},
      operator = #{operator,jdbcType=VARCHAR},
      MODIFY_DATETIME = #{modifyDatetime,jdbcType=TIMESTAMP}
    where describe_id = #{olddescribeId,jdbcType=VARCHAR}
  </update>
</mapper>