<?xml version="1.0" encoding="UTF-8" ?>
<!DOCTYPE mapper PUBLIC "-//mybatis.org//DTD Mapper 3.0//EN" "http://mybatis.org/dtd/mybatis-3-mapper.dtd" >
<mapper namespace="sinosoft.platform.riskType.dao.PointMapper" >
  <resultMap id="BaseResultMap" type="sinosoft.platform.riskType.beans.Point" >
    <id column="mainPoint_id" property="mainpointId" jdbcType="VARCHAR" />
    <result column="mainPoint_name" property="mainpointName" jdbcType="VARCHAR" />
    <result column="operator" property="operator" jdbcType="VARCHAR" />
    <result column="activation_state" property="activationState" jdbcType="VARCHAR" />
     <result column="failure_time" property="failureTime" jdbcType="TIMESTAMP" />
    <result column="CREATE_DATETIME" property="createDatetime" jdbcType="TIMESTAMP" />
    <result column="MODIFY_DATETIME" property="modifyDatetime" jdbcType="TIMESTAMP" />
  	<result column="attribute" property="attribute" jdbcType="VARCHAR" />
  	<result column="BUSINESS_TYPE" property="businessType" jdbcType="VARCHAR" />
  	<result column="IS_OLD" property="isOld" jdbcType="VARCHAR" />
  	<result column="IS_READABLE" property="isReadable" jdbcType="VARCHAR" />
  	<result column="HAS_SALER" property="hasSaler" jdbcType="VARCHAR" />
  </resultMap>
  <sql id="Base_Column_List" >
    mainPoint_id, mainPoint_name, operator, CREATE_DATETIME, MODIFY_DATETIME,activation_state,failure_time,attribute,BUSINESS_TYPE,IS_OLD,IS_READABLE,HAS_SALER
  </sql>
  <select id="selectByFilter" resultMap="BaseResultMap">
		select 
    mainPoint_id, mainPoint_name, operator, CREATE_DATETIME, MODIFY_DATETIME,activation_state,failure_time,attribute,
    (select risktypename  from
	es_risktype a where  a.risktypecode=b.BUSINESS_TYPE and a.ACTIVATION_STATE!='3') BUSINESS_TYPE,IS_OLD,IS_READABLE,HAS_SALER
    from ld_point  b
    where 1=1
	<if test="point.mainpointName != null and point.mainpointName !='' "> 
	  	and mainPoint_name like '%'||#{point.mainpointName}||'%' 
	</if>
 	<if test="point.activationState !=null and point.activationState!='' and point.oragancode !='ALL'">
	  		and activation_state =#{point.activationState}
	 </if> 
	 <if test="point.businessType !=null and point.businessType!=''  ">
	  		and BUSINESS_TYPE =#{point.businessType}
	 </if> 
	 and activation_state !='3'
	</select>
   <select id="selectPoint1" resultMap="BaseResultMap"  >
    select 
     <include refid="Base_Column_List" />
    from ld_point
    where activation_state is null or
	activation_state in('0','1','2') order by MODIFY_DATETIME desc
  </select> 
  <select id="selectByPrimaryKey" resultMap="BaseResultMap" parameterType="java.lang.String" >
    select 
    <include refid="Base_Column_List" />
    from ld_point
    where mainPoint_id = #{mainpointId,jdbcType=VARCHAR}
  </select>
   <select id="selectOrganname" resultMap="BaseResultMap" parameterType="java.lang.String">
  		select name operator from sys_organ where code=#{0}
  </select>   
  <select id="queryId" resultMap="BaseResultMap" parameterType="java.lang.String" >
    select 
    <include refid="Base_Column_List" />
    from ld_point
    where mainPoint_id = #{DescribeVo.mainpointId,jdbcType=VARCHAR}
  </select>
  <select id="queryIdAndNoDelete" resultMap="BaseResultMap" parameterType="java.lang.String" >
    select 
    <include refid="Base_Column_List" />
    from ld_point
    where mainPoint_id = #{DescribeVo.mainpointId,jdbcType=VARCHAR} and activation_state !='3'
  </select>
  <select id="query" resultMap="BaseResultMap" parameterType="java.lang.String" >
    select 
    <include refid="Base_Column_List" />
    from ld_point
    where mainPoint_id = #{DescribeVo.mainpointId,jdbcType=VARCHAR}
    
  </select>
<!--   <select id="selectDescribeByOrgan" resultMap="BaseResultMap" parameterType="java.lang.String">
  	select 
  	<include refid="Base_Column_List" />
 	from ld_point where organ_id=#{oragancode,jdbcType=VARCHAR}
  </select>  -->
    <select id="selectPoint" resultMap="BaseResultMap" parameterType="java.lang.String" >
   <!--  select 
    mainPoint_id, mainPoint_name, operator, CREATE_DATETIME, MODIFY_DATETIME,activation_state,failure_time,attribute,
    (select risktypename  from
	es_risktype a where  a.risktypecode=b.BUSINESS_TYPE and a.activation_state!='3' ) BUSINESS_TYPE,IS_OLD,IS_READABLE,HAS_SALER
    from ld_point  b
    where 1=1 -->
    select 
    mainPoint_id, mainPoint_name, operator, CREATE_DATETIME, MODIFY_DATETIME,activation_state,failure_time,attribute,
      case when  (b.BUSINESS_TYPE is not null and  ((select risktypename  from
	es_risktype a where  a.risktypecode=b.BUSINESS_TYPE and a.activation_state!='3') is null)) then '产品类型已删除' else  (select risktypename  from
	es_risktype a where  a.risktypecode=b.BUSINESS_TYPE and a.activation_state!='3') end BUSINESS_TYPE
	,IS_OLD,IS_READABLE,HAS_SALER
    from ld_point  b
    where 1=1
	<if test="point.mainpointName != null and point.mainpointName !='' "> 
	  	and mainPoint_name like '%'||#{point.mainpointName}||'%' 
	</if>
 	<if test="point.activationState !=null and point.activationState!='' and point.oragancode !='ALL'">
	  		and activation_state =#{point.activationState}
	 </if> 
	 <if test="point.businessType !=null and point.businessType!=''  ">
	  		and BUSINESS_TYPE =#{point.businessType}
	 </if>
      <if test="point.mainpointId !=null and point.mainpointId!=''  ">
        and mainPoint_id =#{point.mainpointId}
      </if>
      <if test="point.isReadable !=null and point.isReadable!=''  ">
        and IS_READABLE =#{point.isReadable}
      </if>
      and activation_state !='3'
	order by mainPoint_id+0 
  </select>
  
  <delete id="deleteRiskTypeByPoint" parameterType="java.lang.String" >
    delete from ld_point_describe
    where MAINPOINTID = #{mainpointId,jdbcType=VARCHAR}
  </delete>
  <delete id="deleteByPrimaryKey" parameterType="java.lang.String" >
    delete from ld_point
    where mainPoint_id = #{mainpointId,jdbcType=VARCHAR}
  </delete>
  <insert id="insert" parameterType="sinosoft.platform.riskType.beans.Point" >
    insert into ld_point (mainPoint_id, mainPoint_name, operator, 
      CREATE_DATETIME, MODIFY_DATETIME,activation_state,failure_time,attribute,is_old,is_readable,has_saler,BUSINESS_TYPE)
    values (#{mainpointId,jdbcType=VARCHAR}, #{mainpointName,jdbcType=VARCHAR}, #{operator,jdbcType=VARCHAR}, 
      #{createDatetime,jdbcType=TIMESTAMP}, #{modifyDatetime,jdbcType=TIMESTAMP}, #{activationState,jdbcType=VARCHAR}
      , #{failureTime,jdbcType=TIMESTAMP},#{attribute,jdbcType=VARCHAR},#{isOld,jdbcType=VARCHAR},#{isReadable,jdbcType=VARCHAR},#{hasSaler,jdbcType=VARCHAR},
      #{businessType,jdbcType=VARCHAR})
  </insert>
  <insert id="insertSelective" parameterType="sinosoft.platform.riskType.beans.Point" >
    insert into ld_point
    <trim prefix="(" suffix=")" suffixOverrides="," >
      <if test="mainpointId != null" >
        mainPoint_id,
      </if>
      <if test="mainpointName != null" >
        mainPoint_name,
      </if>
      <if test="operator != null" >
        operator,
      </if>
      <if test="createDatetime != null" >
        CREATE_DATETIME,
      </if>
      <if test="modifyDatetime != null" >
        MODIFY_DATETIME,
      </if>
      <if test="attribute != null" >
        attribute,
      </if>
    </trim>
    <trim prefix="values (" suffix=")" suffixOverrides="," >
      <if test="mainpointId != null" >
        #{mainpointId,jdbcType=VARCHAR},
      </if>
      <if test="mainpointName != null" >
        #{mainpointName,jdbcType=VARCHAR},
      </if>
      <if test="operator != null" >
        #{operator,jdbcType=VARCHAR},
      </if>
      <if test="createDatetime != null" >
        #{createDatetime,jdbcType=TIMESTAMP},
      </if>
      <if test="modifyDatetime != null" >
        #{modifyDatetime,jdbcType=TIMESTAMP},
      </if>
      <if test="attribute != null" >
        #{attribute,jdbcType=VARCHAR},
      </if>
    </trim>
  </insert>
  <update id="updateByPrimaryKeySelective" parameterType="sinosoft.platform.riskType.beans.Point" >
    update ld_point
    <set >
      <if test="mainpointName != null" >
        mainPoint_name = #{mainpointName,jdbcType=VARCHAR},
      </if>
      <if test="operator != null" >
        operator = #{operator,jdbcType=VARCHAR},
      </if>
      <if test="createDatetime != null" >
        CREATE_DATETIME = #{createDatetime,jdbcType=TIMESTAMP},
      </if>
      <if test="modifyDatetime != null" >
        MODIFY_DATETIME = #{modifyDatetime,jdbcType=TIMESTAMP},
      </if>
       <if test="activationState != null" >
        activation_state = #{activationState,jdbcType=VARCHAR},
      </if>
      <if test="failureTime != null" >
        failure_time = #{failureTime,jdbcType=TIMESTAMP},
      </if>
      <if test="attribute != null" >
        attribute = #{attribute,jdbcType=VARCHAR},
      </if>
       <if test="isReadable != null" >
        is_readable = #{isReadable,jdbcType=VARCHAR},
      </if>
       <if test="isOld != null" >
        is_old = #{isOld,jdbcType=VARCHAR},
      </if>
       <if test="hasSaler != null" >
        has_saler = #{hasSaler,jdbcType=VARCHAR},
      </if>
       <if test="businessType != null" >
        BUSINESS_TYPE = #{businessType,jdbcType=VARCHAR},
      </if>
      
    </set>
    where mainPoint_id = #{mainpointId,jdbcType=VARCHAR}
  </update>
  <update id="updateByPrimaryKeySelective2" parameterType="sinosoft.platform.riskType.beans.Point" >
    update ld_point
    <set >
      <if test="mainpointId != null" >
        mainPoint_id = #{mainpointId,jdbcType=VARCHAR},
      </if>
      <if test="mainpointName != null" >
        mainPoint_name = #{mainpointName,jdbcType=VARCHAR},
      </if>
      <if test="operator != null" >
        operator = #{operator,jdbcType=VARCHAR},
      </if>
      <if test="createDatetime != null" >
        CREATE_DATETIME = #{createDatetime,jdbcType=TIMESTAMP},
      </if>
      <if test="modifyDatetime != null" >
        MODIFY_DATETIME = #{modifyDatetime,jdbcType=TIMESTAMP},
      </if>
       <if test="activationState != null" >
        activation_state = #{activationState,jdbcType=VARCHAR},
      </if>
      <if test="failureTime != null" >
        failure_time = #{failureTime,jdbcType=TIMESTAMP},
      </if>
      <if test="attribute != null" >
        attribute = #{attribute,jdbcType=VARCHAR},
      </if>
       <if test="isReadable != null" >
        is_readable = #{isReadable,jdbcType=VARCHAR},
      </if>
       <if test="isOld != null" >
        is_old = #{isOld,jdbcType=VARCHAR},
      </if>
       <if test="hasSaler != null" >
        has_saler = #{hasSaler,jdbcType=VARCHAR},
      </if>
       <if test="businessType != null" >
        BUSINESS_TYPE = #{businessType,jdbcType=VARCHAR},
      </if>     
    </set>
    where mainPoint_id = #{oldmainpointId,jdbcType=VARCHAR}
  </update>
  <update id="updateByPrimaryKey" parameterType="sinosoft.platform.riskType.beans.Point" >
    update ld_point
    set mainPoint_name = #{mainpointName,jdbcType=VARCHAR},
      operator = #{operator,jdbcType=VARCHAR},
      CREATE_DATETIME = #{createDatetime,jdbcType=TIMESTAMP},
      MODIFY_DATETIME = #{modifyDatetime,jdbcType=TIMESTAMP},
      attribute = #{attribute,jdbcType=VARCHAR}
    where mainPoint_id = #{mainpointId,jdbcType=VARCHAR}
  </update>
</mapper>