<?xml version="1.0" encoding="UTF-8" ?>
<!DOCTYPE mapper PUBLIC "-//mybatis.org//DTD Mapper 3.0//EN" "http://mybatis.org/dtd/mybatis-3-mapper.dtd" >
<mapper namespace="sinosoft.platform.riskType.dao.PointDescribeMapper" >
  <resultMap id="BaseResultMap" type="sinosoft.platform.riskType.beans.PointDescribe" >
    <id column="describe_id" property="describeId" jdbcType="VARCHAR" />
    <result column="describe_no" property="describeNo" jdbcType="VARCHAR" />
    <result column="describe_content" property="describeContent" jdbcType="VARCHAR" />
    <result column="operator" property="operator" jdbcType="VARCHAR" />
    <result column="create_datetime" property="createDatetime" jdbcType="TIMESTAMP" />
    <result column="modify_datetime" property="modifyDatetime" jdbcType="TIMESTAMP" />
  </resultMap>
  <sql id="Base_Column_List" >
    describe_id, describe_no, describe_content, operator, create_datetime, modify_datetime
  </sql>  
   <select id="queryDescribe" resultMap="BaseResultMap" parameterType="java.lang.String" >   
    select 
    <include refid="Base_Column_List" />
    from ld_pointdescribe
    where 1=1 
  </select>
  <select id="selectByPrimaryKey" resultMap="BaseResultMap" parameterType="java.lang.String" >   
    select 
    <include refid="Base_Column_List" />
    from ld_pointdescribe
    where describe_id = #{describeId,jdbcType=VARCHAR}
  </select>
   <select id="selectId" resultMap="BaseResultMap" parameterType="java.lang.String" >   
    select 
    <include refid="Base_Column_List" />
    from ld_pointdescribe
    where describe_id = #{describeId,jdbcType=VARCHAR}
  </select>
    <select id="selectByDescribeId" resultMap="BaseResultMap" parameterType="java.lang.String" >
    select 
    <include refid="Base_Column_List" />
    from ld_pointdescribe
    where describe_id = #{describeId,jdbcType=VARCHAR}
  </select>
   <select id="selectdescribeList" resultMap="BaseResultMap" parameterType="map">
  		SELECT 
		<include refid="Base_Column_List" />
		 FROM `ld_pointdescribe` WHERE describe_id IN 
		(SELECT describe_id FROM `ld_point_describe` WHERE mainpoint_id =#{mainpointId})
  </select>
     <select id="selectdescribe" resultMap="BaseResultMap" parameterType="map">
  		SELECT 
		<include refid="Base_Column_List" />
		 FROM `ld_pointdescribe` WHERE describe_id IN 
		(SELECT describe_id FROM `ld_point_describe` WHERE mainPoint_id =#{mainpointId});
		 
  </select>
  
   <select id="queryId" resultMap="BaseResultMap" parameterType="java.lang.String" >
    select 
    <include refid="Base_Column_List" />
    from ld_pointdescribe
    where describe_id = #{DescribeVo.describeId,jdbcType=VARCHAR}
  </select>
  <delete id="deleteByPrimaryKey" parameterType="java.lang.String" >
    delete from ld_pointdescribe
    where describe_id = #{describeId,jdbcType=VARCHAR}
  </delete>
  <insert id="insert" parameterType="sinosoft.platform.riskType.beans.PointDescribe" >
    insert into ld_pointdescribe (describe_id, describe_no, describe_content, 
      operator, create_datetime, modify_datetime
      )
    values (#{describeId,jdbcType=VARCHAR}, #{describeNo,jdbcType=VARCHAR}, #{describeContent,jdbcType=VARCHAR}, 
      #{operator,jdbcType=VARCHAR}, #{createDatetime,jdbcType=TIMESTAMP}, #{modifyDatetime,jdbcType=TIMESTAMP}
      )
  </insert>
  <insert id="insertSelective" parameterType="sinosoft.platform.riskType.beans.PointDescribe" >
    insert into ld_pointdescribe
    <trim prefix="(" suffix=")" suffixOverrides="," >
      <if test="describeId != null" >
        describe_id,
      </if>
      <if test="describeNo != null" >
        describe_no,
      </if>
      <if test="describeContent != null" >
        describe_content,
      </if>
      <if test="operator != null" >
        operator,
      </if>
      <if test="createDatetime != null" >
        create_datetime,
      </if>
      <if test="modifyDatetime != null" >
        modify_datetime,
      </if>
    </trim>
    <trim prefix="values (" suffix=")" suffixOverrides="," >
      <if test="describeId != null" >
        #{describeId,jdbcType=VARCHAR},
      </if>
      <if test="describeNo != null" >
        #{describeNo,jdbcType=VARCHAR},
      </if>
      <if test="describeContent != null" >
        #{describeContent,jdbcType=VARCHAR},
      </if>
      <if test="operator != null" >
        #{operator,jdbcType=VARCHAR},
      </if>
      <if test="createDatetime != null" >
        #{createDatetime,jdbcType=TIMESTAMP},
      </if>
      <if test="modifyDatetime != null" >
        #{modifyDatetime,jdbcType=TIMESTAMP},
      </if>
    </trim>
  </insert>
  <update id="updateByPrimaryKeySelective" parameterType="sinosoft.platform.riskType.beans.PointDescribe" >
    update ld_pointdescribe
    <set >
      <if test="describeNo != null" >
        describe_no = #{describeNo,jdbcType=VARCHAR},
      </if>
      <if test="describeContent != null" >
        describe_content = #{describeContent,jdbcType=VARCHAR},
      </if>
      <if test="operator != null" >
        operator = #{operator,jdbcType=VARCHAR},
      </if>
      <if test="createDatetime != null" >
        create_datetime = #{createDatetime,jdbcType=TIMESTAMP},
      </if>
      <if test="modifyDatetime != null" >
        modify_datetime = #{modifyDatetime,jdbcType=TIMESTAMP},
      </if>
    </set>
    where describe_id = #{describeId,jdbcType=VARCHAR}
  </update>
  <update id="updateByPrimaryKey" parameterType="sinosoft.platform.riskType.beans.PointDescribe" >
    update ld_pointdescribe
    set describe_no = #{describeNo,jdbcType=VARCHAR},
      describe_content = #{describeContent,jdbcType=VARCHAR},
      operator = #{operator,jdbcType=VARCHAR},
      create_datetime = #{createDatetime,jdbcType=TIMESTAMP},
      modify_datetime = #{modifyDatetime,jdbcType=TIMESTAMP}
    where describe_id = #{describeId,jdbcType=VARCHAR}
  </update>
</mapper>