<?xml version="1.0" encoding="UTF-8" ?>
<!DOCTYPE mapper PUBLIC "-//mybatis.org//DTD Mapper 3.0//EN" "http://mybatis.org/dtd/mybatis-3-mapper.dtd" >
<mapper namespace="sinosoft.platform.riskType.dao.PointDescribeReMapper" >
  <resultMap id="BaseResultMap" type="sinosoft.platform.riskType.beans.PointDescribeRe" >
    <id column="describe_id" property="describeId" jdbcType="VARCHAR" />
    <id column="mainPoint_id" property="mainpointId" jdbcType="VARCHAR" />
    <result column="operator" property="operator" jdbcType="VARCHAR" />
    <result column="modify_datetime" property="modifyDatetime" jdbcType="TIMESTAMP" />
  </resultMap>
  <sql id="Base_Column_List" >
    describe_id, mainPoint_id, operator, modify_datetime
  </sql>

  <select id="selectByPrimaryKey" resultMap="BaseResultMap" parameterType="sinosoft.platform.riskType.beans.PointDescribeReKey" >
    select 
    <include refid="Base_Column_List" />
    from ld_point_describe
    where describe_id = #{describeId,jdbcType=VARCHAR}
      and mainPoint_id = #{mainpointId,jdbcType=VARCHAR}
  </select>
    <select id="selectByPointId" resultMap="BaseResultMap" parameterType="sinosoft.platform.riskType.beans.PointDescribeReKey" >
    select 
    <include refid="Base_Column_List" />
    from ld_point_describe
    where  mainPoint_id = #{mainpointId,jdbcType=VARCHAR}
  </select>
  
  <delete id="deleteByPrimaryKey" parameterType="sinosoft.platform.riskType.beans.PointDescribeReKey" >
    delete from ld_point_describe
    where describe_id = #{describeId,jdbcType=VARCHAR}
      and mainPoint_id = #{mainpointId,jdbcType=VARCHAR}
  </delete>
  <insert id="insert" parameterType="sinosoft.platform.riskType.beans.PointDescribeRe" >
    insert into ld_point_describe (describe_id, mainPoint_id, operator, 
      modify_datetime)
    values (#{describeId,jdbcType=VARCHAR}, #{mainpointId,jdbcType=VARCHAR}, #{operator,jdbcType=VARCHAR}, 
      #{modifyDatetime,jdbcType=TIMESTAMP})
  </insert>
  <insert id="insertSelective" parameterType="sinosoft.platform.riskType.beans.PointDescribeRe" >
    insert into ld_point_describe
    <trim prefix="(" suffix=")" suffixOverrides="," >
      <if test="describeId != null" >
        describe_id,
      </if>
      <if test="mainpointId != null" >
        mainPoint_id,
      </if>
      <if test="operator != null" >
        operator,
      </if>
      <if test="modifyDatetime != null" >
        modify_datetime,
      </if>
    </trim>
    <trim prefix="values (" suffix=")" suffixOverrides="," >
      <if test="describeId != null" >
        #{describeId,jdbcType=VARCHAR},
      </if>
      <if test="mainpointId != null" >
        #{mainpointId,jdbcType=VARCHAR},
      </if>
      <if test="operator != null" >
        #{operator,jdbcType=VARCHAR},
      </if>
      <if test="modifyDatetime != null" >
        #{modifyDatetime,jdbcType=TIMESTAMP},
      </if>
    </trim>
  </insert>
  <update id="updateByPrimaryKeySelective" parameterType="sinosoft.platform.riskType.beans.PointDescribeRe" >
    update ld_point_describe
    <set >
      <if test="operator != null" >
        operator = #{operator,jdbcType=VARCHAR},
      </if>
      <if test="modifyDatetime != null" >
        modify_datetime = #{modifyDatetime,jdbcType=TIMESTAMP},
      </if>
    </set>
    where describe_id = #{describeId,jdbcType=VARCHAR}
      and mainPoint_id = #{mainpointId,jdbcType=VARCHAR}
  </update>
  <update id="updateByPrimaryKey" parameterType="sinosoft.platform.riskType.beans.PointDescribeRe" >
    update ld_point_describe
    set operator = #{operator,jdbcType=VARCHAR},
      modify_datetime = #{modifyDatetime,jdbcType=TIMESTAMP}
    where describe_id = #{describeId,jdbcType=VARCHAR}
      and mainPoint_id = #{mainpointId,jdbcType=VARCHAR}
  </update>
</mapper>