<?xml version="1.0" encoding="UTF-8" ?>
<!DOCTYPE mapper PUBLIC "-//mybatis.org//DTD Mapper 3.0//EN" "http://mybatis.org/dtd/mybatis-3-mapper.dtd" >
<mapper namespace="sinosoft.platform.riskType.dao.RiskPointDescribeMapper" >
  <resultMap id="BaseResultMap" type="sinosoft.platform.riskType.beans.RiskPointDescribe" >
    <id column="ID" property="id" jdbcType="VARCHAR" />
    <result column="RISKTYPECODE" property="risktypecode" jdbcType="VARCHAR" />
    <result column="MAINPOINTID" property="mainpointId" jdbcType="VARCHAR" />
    <result column="DESCRIBEID" property="describeId" jdbcType="VARCHAR" />
    <result column="OPERATOR" property="operator" jdbcType="VARCHAR" />
    <result column="CREATEDATETIME" property="createDatetime" jdbcType="TIMESTAMP" />
    <result column="MODIFYDATETIME" property="modifyDatetime" jdbcType="TIMESTAMP" />
    <!-- <result column="riskType_id" property="risktypeId" jdbcType="VARCHAR" /> -->
    <result column="POINTORDER" property="pointOrder" jdbcType="VARCHAR" />
    <result column="RISKTYPENAME" property="risktypeName" jdbcType="VARCHAR" />
	 <result column="FAILURETIME" property="failureTime" jdbcType="TIMESTAMP" />
    <result column="ACTIVATIONSTATE" property="activationState" jdbcType="VARCHAR" />
     <result column="MODEL" property="model" jdbcType="VARCHAR" />
     <result column="BUSINESSTYPE" property="businessType" jdbcType="VARCHAR" />
     <result column="MODIFIER" property="modifier" jdbcType="VARCHAR" />
      <result column="RELEASE_OPERATOR" property="releaseOperator" jdbcType="VARCHAR" />
      <result column="productTypeName" property="productTypeName" jdbcType="VARCHAR" />
      <result column="businessTypeName" property="businessTypeName" jdbcType="VARCHAR" />
      <result column="PRODUCTTYPE_CODE" property="productTypeCode" jdbcType="VARCHAR" />
      <result column="DESCRIBE_CONTENT" property="describeContent" jdbcType="VARCHAR" />
      <result column="AUDITOR" property="auditor" jdbcType="VARCHAR" />
      <result column="EFFECTIVETIME" property="effectivetime" jdbcType="VARCHAR" />
      <result column="updater" property="updater" jdbcType="VARCHAR" />
      <result column="UPDATETIME" property="updateTime" jdbcType="VARCHAR" />
  </resultMap>
  <sql id="Base_Column_List" >
    ID , RISKTYPECODE, MAINPOINTID, DESCRIBEID, OPERATOR, CREATEDATETIME, 
    MODIFYDATETIME,POINTORDER,RISKTYPENAME,FAILURETIME,ACTIVATIONSTATE,BUSINESSTYPE,MODIFIER,RELEASE_OPERATOR,PRODUCTTYPE_CODE
  </sql> 
   <select id="selectByFilter" resultMap="BaseResultMap">
   select 
    a.ID , a.RISKTYPECODE, MAINPOINTID, DESCRIBEID, a.OPERATOR, a.CREATEDATETIME, 
    a.MODIFYDATETIME,POINTORDER,a.RISKTYPENAME risktypenames,FAILURETIME,ACTIVATIONSTATE,,MODIFIER,RELEASE_OPERATOR  
    from ld_point_describe a 
    where ACTIVATIONSTATE !='3' 
	ORDER by ID
	</select>
  <select id="queryDic" resultMap="BaseResultMap" parameterType="java.lang.String" >
    select 
    dict_name_cn
    from sys_dictionary
    where  dict_code=#{riskTypeName,jdbcType=VARCHAR}    
    </select>
  <select id="selectByMainpointId" resultType="java.lang.Integer" parameterType="java.lang.String" >
    select 
    count(0)
    from ld_point_describe
    where  MAINPOINTID=#{mainpointId,jdbcType=VARCHAR}    
    </select>
     <select id="getRiskType" resultMap="BaseResultMap" parameterType="java.lang.String" >
    select 
    <include refid="Base_Column_List" />
    from ld_point_describe
    where  ID=#{risktypeId,jdbcType=VARCHAR} 
    
    </select>
     <select id="selectRiskPointDescribes" resultMap="BaseResultMap" parameterType="java.lang.String" >
    select 
    a.ID,a.MAINPOINTID
    from ld_point_describe a
    where a.PRODUCTTYPE_CODE=#{0} and a.POINTORDER=#{1} and a.ACTIVATIONSTATE!='1' and a.ACTIVATIONSTATE!='3'
    
    </select>
     <select id="selectRiskPointDescribesfornorelease" resultMap="BaseResultMap" parameterType="java.lang.String" >
    select 
    a.ID
    from ld_point_describe a
    where a.PRODUCTTYPE_CODE=#{0} and a.POINTORDER=#{1} and (a.ACTIVATIONSTATE='1' or a.ACTIVATIONSTATE = '5')
    
    </select>
     <select id="selectRiskPointDescribesfornoreleaseDelayed" resultMap="BaseResultMap" parameterType="java.lang.String" >
    select
    a.ID
    from ld_point_describe a
    where a.PRODUCTTYPE_CODE=#{0} and a.POINTORDER=#{1} and a.ACTIVATIONSTATE='5'

    </select>
    <select id="queryRiskType" resultMap="BaseResultMap" parameterType="java.lang.String" >
    select b.risktypename RISKTYPECODE,
    <include refid="Base_Column_List" />
    from ld_point_describe
    where 1=1
     <if test="risktypeName != null and risktypeName != ''" >
      and RISKTYPECODE=#{risktypeName,jdbcType=VARCHAR} 
    </if>
    </select>    
    <select id="queryRiskTypeTime" resultMap="BaseResultMap" >
    select 
    FAILURETIME
    from ld_point_describe a 
    where ACTIVATIONSTATE !='3' and 1=1
    and model='0' 
	and rownum&lt;=1
	ORDER by FAILURETIME desc;
  </select>
   <select id="selectRiskPointByRiskType" resultMap="BaseResultMap" parameterType="java.lang.String" >
    select 
    <include refid="Base_Column_List" />
    from ld_point_describe
    where 1=1
 	and RISKTYPECODE=#{0}
 	and ACTIVATIONSTATE ='1'
    </select> 
   <select id="selectByMaincodeAndDescribeid" resultType="java.lang.Integer" parameterType="java.lang.String" >
    select 
    count(0)
    from ld_point_describe
    where 
 	MAINPOINTID=#{0}
 	and DESCRIBEID =#{1}
 	and RISKTYPECODE=#{2}
 	and ACTIVATIONSTATE !='3'
    </select> 
   <select id="selectByProductCodeAndPointOrder" resultType="java.lang.Integer" parameterType="java.lang.String" >
    select 
    count(0)
    from ld_point_describe
    where 
 	RISKTYPECODE=#{0} and POINTORDER=#{1}
 	and ACTIVATIONSTATE !='3'
    </select> 
      <select id="selectRiskPointByProduct" resultMap="BaseResultMap" parameterType="java.lang.String" >
select 
a.ID,
a.RISKTYPECODE,
a.MAINPOINTID,
a.DESCRIBEID,
a.OPERATOR,
a.CREATEDATETIME,
a.MODIFYDATETIME,
a.POINTORDER,
a.RISKTYPENAME,
a.FAILURETIME,
a.ACTIVATIONSTATE,
a.BUSINESSTYPE,
a.MODIFIER,
a.RELEASE_OPERATOR,
a.PRODUCTTYPE_CODE
from ld_point_describe a, ES_PRODUCT_MANAGE b
where 1=1
and a.RISKTYPECODE = b.product_code
and a.RISKTYPENAME=#{0}
and a.ACTIVATIONSTATE ='1'
and a.MODEL = '2'	
and b.state != '3'
    </select> 
      <select id="selectRiskPointByProductCodeNodel" resultMap="BaseResultMap" parameterType="java.lang.String" >
select 
a.ID,
a.RISKTYPECODE,
a.MAINPOINTID,
a.DESCRIBEID,
a.OPERATOR,
a.CREATEDATETIME,
a.MODIFYDATETIME,
a.POINTORDER,
a.RISKTYPENAME,
a.FAILURETIME,
a.ACTIVATIONSTATE,
a.BUSINESSTYPE,
a.MODIFIER,
a.RELEASE_OPERATOR,
a.PRODUCTTYPE_CODE,
a.DESCRIBE_CONTENT
from ld_point_describe a, ES_PRODUCT_MANAGE b
where 1=1
and a.RISKTYPECODE = b.product_code
and a.RISKTYPECODE=#{0}
and a.ACTIVATIONSTATE !='3'
and a.MODEL = '2'	
and b.state != '3'
    </select> 

  <select id="queryRiskTime" resultMap="BaseResultMap" >
    select 
    FAILURETIME
    from ld_point_describe a 
    where ACTIVATIONSTATE !='3' and 1=1
    and model='1'
    and rownum&lt;=1
	ORDER by FAILURETIME desc;
  </select> 
  <select id="selectByRiskCode" resultMap="BaseResultMap" parameterType="java.lang.String" >
    select 
    a.ID , a.RISKTYPECODE, MAINPOINTID, DESCRIBEID, a.OPERATOR, a.CREATEDATETIME, 
    a.MODIFYDATETIME,POINTORDER,a.RISKTYPENAME risktypenames,FAILURETIME,ACTIVATIONSTATE,MODIFIER,RELEASE_OPERATOR   
    from ld_point_describe a 
    where ACTIVATIONSTATE ='1' and a.RISKTYPECODE=#{insuranceCode,jdbcType=VARCHAR}
	ORDER by RISKTYPECODE,POINTORDER+0 
  </select>
  <select id="selectByProductCode" resultMap="BaseResultMap" parameterType="java.lang.String" >
    select 
    a.ID , a.RISKTYPECODE, MAINPOINTID, DESCRIBEID, a.OPERATOR, a.CREATEDATETIME, 
    a.MODIFYDATETIME,POINTORDER,a.RISKTYPENAME risktypenames,FAILURETIME,ACTIVATIONSTATE,MODIFIER,RELEASE_OPERATOR   
    from ld_point_describe a 
    where ACTIVATIONSTATE !='3' and a.RISKTYPECODE=#{insuranceCode,jdbcType=VARCHAR}
	ORDER by RISKTYPECODE,POINTORDER+0 
  </select>
   <select id="selectRiskType" resultMap="BaseResultMap" parameterType="java.lang.String" >
    
    
		    SELECT
			A . ID,
			A .RISKTYPECODE,
			MAINPOINTID,
			DESCRIBEID,
			A . OPERATOR,
			A .CREATEDATETIME,
			A .MODIFYDATETIME,
			POINTORDER,
			(
				SELECT
					nvl(er.risktypename,'产品类型已删除')risktypename
				FROM
					ES_RISKTYPE er
				WHERE
					er.risktypecode = b.product_type_code and er.activation_state!='3'
			) productTypeName,
			b.product_name risktypenames,
			FAILURETIME,
			ACTIVATIONSTATE,
			A .MODIFIER,
			A .RELEASE_OPERATOR,
			A .PRODUCTTYPE_CODE,
			A .BUSINESSTYPE,
			A .DESCRIBE_CONTENT,
			A .AUDITOR,
			A .EFFECTIVETIME,
			A.updater  ,
            A.UPDATETIME  ,
			(
				SELECT
					lbu2.BUSINESSTYPE
				FROM
					(
						SELECT
							NVL(lbu.BUSINESSTYPE,'业务类型已删除') BUSINESSTYPE
						FROM
							LD_BUSINESS lbu
						WHERE
							LBU.BUSINESSTYPENO = A .businesstype
						AND LBU.SALESTATUS IN ('1', '2')
					) lbu2
				WHERE
					ROWNUM = 1
			) businessTypeName
		FROM
			ld_point_describe A,
			ES_PRODUCT_MANAGE b
		WHERE
			ACTIVATIONSTATE != '3'
		AND A .RISKTYPECODE = b.product_code
		AND b.state != '3'
		AND 1 = 1
    <!--  <if test="riskPointDescribeVo.risktypeName != null and riskPointDescribeVo.risktypeName != '' and riskPointDescribeVo.risktypeName != 'All'" >
      and b.product_name like '%'||#{riskPointDescribeVo.risktypeName,jdbcType=VARCHAR}||'%' 
    </if> -->
     <if test="riskPointDescribeVo.businessTypeCode != null and riskPointDescribeVo.businessTypeCode != '' and riskPointDescribeVo.risktypeName != 'All'" >
      and a.businesstype =#{riskPointDescribeVo.businessTypeCode,jdbcType=VARCHAR} 
    </if>
	<if test="riskPointDescribeVo.activationState !=null and riskPointDescribeVo.activationState!='' ">
	  		and a.ACTIVATIONSTATE =#{riskPointDescribeVo.activationState}
	</if>
	<if test="riskPointDescribeVo.productTypeCode !=null and riskPointDescribeVo.productTypeCode!='' ">
	  		and 
	  		 a.PRODUCTTYPE_CODE =#{riskPointDescribeVo.productTypeCode}
	</if>
	<if test="riskPointDescribeVo.operator !=null and riskPointDescribeVo.operator!='' ">
	  		and
	  		(a.updater =#{riskPointDescribeVo.operator} or (a.operator = #{riskPointDescribeVo.operator} and a.updater is null))
	</if>
	<if test="riskPointDescribeVo.effectivetime !=null and riskPointDescribeVo.effectivetime!='' ">
	  		and
	  		  substr(a.effectivetime,0,10) =#{riskPointDescribeVo.effectivetime}
	</if>
	<if test="riskPointDescribeVo.modifyDatetime1 !=null and riskPointDescribeVo.modifyDatetime1!='' ">
	  		and
        (to_char(a.updatetime,'yyyy-mm-dd') =#{riskPointDescribeVo.modifyDatetime1}
            or
        (to_char(a.MODIFYDATETIME,'yyyy-mm-dd') =#{riskPointDescribeVo.modifyDatetime1} and a.updatetime is null))
	</if>

	ORDER by BUSINESSTYPE,PRODUCTTYPE_CODE,POINTORDER
    <!-- riskType_name = #{riskPointDescribeVo.risktypeName,jdbcType=VARCHAR} -->
  </select>
   <select id="selectproducttypecodelist" resultType="java.lang.String" parameterType="java.lang.String" >    
    select 
    a.PRODUCTTYPE_CODE
    from ld_point_describe a
    where ACTIVATIONSTATE !='3'  and 1=1
    <if test="riskPointDescribeVo.businessTypeCode != null and riskPointDescribeVo.businessTypeCode != '' and riskPointDescribeVo.risktypeName != 'All'" >
      and a.businesstype =#{riskPointDescribeVo.businessTypeCode,jdbcType=VARCHAR} 
    </if>
	<if test="riskPointDescribeVo.activationState !=null and riskPointDescribeVo.activationState!='' ">
	  		and a.ACTIVATIONSTATE =#{riskPointDescribeVo.activationState}
	</if>
	<if test="riskPointDescribeVo.productTypeCode !=null and riskPointDescribeVo.productTypeCode!='' ">
	  		and 
	  		 a.PRODUCTTYPE_CODE =#{riskPointDescribeVo.productTypeCode}
	</if>

	GROUP BY PRODUCTTYPE_CODE
  </select>
  <select id="selectByPrimaryKey" resultMap="BaseResultMap" parameterType="java.lang.String" >
    select 
    <include refid="Base_Column_List" />
    from ld_point_describe
    where ID = #{risktypeId,jdbcType=VARCHAR}
  </select>
  <select id="queryriskpoint" resultType="java.lang.Integer" parameterType="java.lang.String" >
    select 
    count(0)
    from ld_point_describe
    where RISKTYPECODE = #{0} and ACTIVATIONSTATE='1'
  </select>
  <select id="selectRiskPointDescribeByProductCode" resultType="java.lang.Integer" parameterType="java.lang.String" >
    select 
    count(0)
    from ld_point_describe
    where RISKTYPECODE = #{0} and ACTIVATIONSTATE!='1' and ACTIVATIONSTATE!='3'
  </select>
  
  <delete id="deleteByPrimaryKey" parameterType="java.lang.String" >
    delete from ld_point_describe
    where ID = #{risktypeId,jdbcType=VARCHAR}
  </delete>
  <delete id="deleteByProducttypecode" parameterType="java.lang.String" >
   delete from ld_point_describe
    where PRODUCTTYPE_CODE = #{productTypeCode,jdbcType=VARCHAR} and ACTIVATIONSTATE in ('0','2')
  </delete>
  <insert id="insert" parameterType="sinosoft.platform.riskType.beans.RiskPointDescribe" >
    insert into ld_point_describe (ID, RISKTYPECODE, MAINPOINTID,
      DESCRIBEID, OPERATOR,CREATEDATETIME,
      MODIFYDATETIME,POINTORDER,RISKTYPENAME,ACTIVATIONSTATE,MODEL,BUSINESSTYPE,MODIFIER,
      RELEASE_OPERATOR,PRODUCTTYPE_CODE,DESCRIBE_CONTENT,updater,updateTime)
    values (#{risktypeId,jdbcType=VARCHAR}, #{risktypecode,jdbcType=VARCHAR}, #{mainpointId,jdbcType=VARCHAR}, 
      #{describeId,jdbcType=VARCHAR},#{operator,jdbcType=VARCHAR}, #{createDatetime,jdbcType=TIMESTAMP}, 
      #{modifyDatetime,jdbcType=TIMESTAMP}, #{pointOrder,jdbcType=VARCHAR},#{risktypeName,jdbcType=VARCHAR}
      ,#{activationState,jdbcType=VARCHAR},#{model,jdbcType=VARCHAR},#{businessType,jdbcType=VARCHAR},
      #{modifier,jdbcType=VARCHAR},#{releaseOperator,jdbcType=VARCHAR},#{productTypeCode,jdbcType=VARCHAR}
      ,#{describeContent,jdbcType=VARCHAR},#{updater,jdbcType=VARCHAR},#{updateTime,jdbcType=TIMESTAMP})
  </insert>
  <select id="selectByOrderAndProductTypeCode" parameterType="java.lang.String" resultType="java.lang.Integer"> 
  		select count(0) from ld_point_describe where POINTORDER=#{0} and PRODUCTTYPE_CODE=#{1} and ACTIVATIONSTATE!='3'
  </select>
  <select id="selectByRiskPointDescribe" parameterType="sinosoft.platform.riskType.beans.RiskPointDescribe" resultType="java.lang.Integer" >
   select count(*) from  ld_point_describe lpd where
    LPD.RISKTYPECODE= #{risktypecode,jdbcType=VARCHAR} and LPD.businesstype=#{businessType,jdbcType=VARCHAR} 
    and LPD.MAINPOINTID = #{mainpointId,jdbcType=VARCHAR}and
    LPD.DESCRIBEID= #{describeId,jdbcType=VARCHAR} and LPD.ACTIVATIONSTATE!='3'  	
  </select>
  <insert id="insertSelective" parameterType="sinosoft.platform.riskType.beans.RiskPointDescribe" >
    insert into ld_point_describe
    <trim prefix="(" suffix=")" suffixOverrides="," >
      <if test="risktypeId != null" >
        ID,
      </if>
      <if test="risktypeName != null" >
       RISKTYPECODE,
      </if>
       <if test="modifier != null" >
        MODIFIER,
      </if>
         <if test="releaseOperator != null" >
        RELEASE_OPERATOR,
      </if>
      <if test="mainpointId != null" >
        MAINPOINTID,
      </if>
      <if test="describeId != null" >
        DESCRIBEID,
      </if>
      <if test="operator != null" >
        OPERATOR,
      </if>
      <if test="createDatetime != null" >
       CREATEDATETIME,
      </if>
      <if test="modifyDatetime != null" >
        MODIFYDATETIME,
      </if>
      <if test="pointOrder != null" >
        POINTORDER,
      </if>
      <if test="risktype != null" >
        RISKTYPENAME,
      </if>     
    </trim>
    <trim prefix="values (" suffix=")" suffixOverrides="," >
      <if test="risktypeId != null" >
        #{risktypeId,jdbcType=VARCHAR},
      </if>
      <if test="risktypeName != null" >
        #{risktypeName,jdbcType=VARCHAR},
      </if>
       <if test="modifier != null" >
        #{modifier,jdbcType=VARCHAR},
      </if>
      <if test="releaseOperator != null" >
       #{releaseOperator,jdbcType=VARCHAR},
      </if>
      <if test="mainpointId != null" >
        #{mainpointId,jdbcType=VARCHAR},
      </if>
      <if test="describeId != null" >
        #{describeId,jdbcType=VARCHAR},
      </if>
      <if test="operator != null" >
        #{operator,jdbcType=VARCHAR},
      </if>
      <if test="createDatetime != null" >
        #{createDatetime,jdbcType=TIMESTAMP},
      </if>
      <if test="modifyDatetime != null" >
        #{modifyDatetime,jdbcType=TIMESTAMP},
      </if>
      <if test="pointOrder != null" >
        #{pointOrder,jdbcType=VARCHAR},
      </if>
      <if test="oragancode != null" >
        #{oragancode,jdbcType=VARCHAR},
      </if>
      <if test="risktype != null" >
        #{risktype,jdbcType=VARCHAR},
      </if>
      
    </trim>
  </insert>
  <update id="updateByPrimaryKeySelective" parameterType="sinosoft.platform.riskType.beans.RiskPointDescribe" >
    update ld_point_describe
    <set >
    <if test="modifier != null" >
        MODIFIER=#{modifier,jdbcType=VARCHAR},
      </if>
         <if test="releaseOperator != null" >
        RELEASE_OPERATOR=#{releaseOperator,jdbcType=VARCHAR},
      </if>
      <if test="risktypeName != null" >
        RISKTYPECODE = #{risktypeName,jdbcType=VARCHAR},
      </if>
      <if test="mainpointId != null" >
        MAINPOINTID = #{mainpointId,jdbcType=VARCHAR},
      </if>
      <if test="describeId != null" >
        DESCRIBEID = #{describeId,jdbcType=VARCHAR},
      </if>
      <if test="operator != null" >
        OPERATOR = #{operator,jdbcType=VARCHAR},
      </if>
      <if test="createDatetime != null" >
        CREATEDATETIME = #{createDatetime,jdbcType=TIMESTAMP},
      </if>
      <if test="modifyDatetime != null" >
        MODIFYDATETIME = #{modifyDatetime,jdbcType=TIMESTAMP},
      </if>   
      <if test="pointOrder != null" >
        POINTORDER = #{pointOrder,jdbcType=VARCHAR},
      </if>
       <if test="activationState != null" >
        ACTIVATIONSTATE = #{activationState,jdbcType=VARCHAR},
      </if>
       <if test="businessType != null" >
        BUSINESSTYPE =  #{businessType,jdbcType=VARCHAR},
      </if>
     
    </set>
    where ID = #{id,jdbcType=VARCHAR}
  </update>
  <update id="updateRiskPointDescribe" parameterType="java.lang.String" >
    	update ld_point_describe set RISKTYPECODE=#{1} where ACTIVATIONSTATE!='3' and RISKTYPECODE=#{0}
  </update>
  <update id="updateRiskPointDescribeToDel" parameterType="java.lang.String" >
    	update ld_point_describe set ACTIVATIONSTATE='3',OPERATOR=#{1},MODIFIER=#{1},MODIFYDATETIME = SYSDATE where RISKTYPECODE=#{0} and ACTIVATIONSTATE!='3'
  </update>
  
  <update id="updateByPrimaryKey" parameterType="sinosoft.platform.riskType.beans.RiskPointDescribe" >
    update ld_point_describe
    set RISKTYPECODE= #{risktypeName,jdbcType=VARCHAR},
      MAINPOINTID = #{mainpointId,jdbcType=VARCHAR},
      DESCRIBEID = #{describeId,jdbcType=VARCHAR},
      OPERATOR = #{operator,jdbcType=VARCHAR},
      CREATEDATETIME = #{createDatetime,jdbcType=TIMESTAMP},
      MODIFYDATETIME = #{modifyDatetime,jdbcType=TIMESTAMP},
      POINTORDER = #{pointOrder,jdbcType=VARCHAR}, 
      MODIFIER=#{modifier,jdbcType=VARCHAR},
      RELEASE_OPERATOR=#{releaseOperator,jdbcType=VARCHAR}
    where ID = #{risktypeId,jdbcType=VARCHAR}
  </update>
    <select id="SelectValidUser" resultType="java.lang.String" parameterType="java.lang.String">
  	select operator from ld_point_describe  where ID = #{1} and operator=#{0}
  </select>

    <select id="searchDescribeInfoByKeys" resultMap="BaseResultMap" parameterType="java.util.List" >


        SELECT
      A . ID,
       (
        SELECT
          nvl(er.risktypename,'产品类型已删除')risktypename
        FROM
          ES_RISKTYPE er
        WHERE
          er.risktypecode = b.product_type_code and er.activation_state!='3'
      ) productTypeName,
      (
        SELECT
          lbu2.BUSINESSTYPE
        FROM
          (
            SELECT
              NVL(lbu.BUSINESSTYPE,'业务类型已删除') BUSINESSTYPE
            FROM
              LD_BUSINESS lbu
            WHERE
              LBU.BUSINESSTYPENO = A .businesstype
            AND LBU.SALESTATUS IN ('1', '2')
          ) lbu2
        WHERE
          ROWNUM = 1
      ) businessTypeName,

      MAINPOINTID,
      DESCRIBEID,
      A .PRODUCTTYPE_CODE,
      A .BUSINESSTYPE,

      A .RISKTYPECODE,
      A . OPERATOR,
      A .CREATEDATETIME,
      A .MODIFYDATETIME,
      POINTORDER,
      b.product_name risktypenames,
      FAILURETIME,
      ACTIVATIONSTATE,
      A .MODIFIER,
      A .RELEASE_OPERATOR


    FROM
      ld_point_describe A,
      ES_PRODUCT_MANAGE b
    WHERE
      ACTIVATIONSTATE != '3'
    AND A .RISKTYPECODE = b.product_code
    AND b.state != '3'
    AND A.id in
    <foreach item="key" index="index" collection="list" open="(" separator="," close=")">
        #{key,jdbcType=VARCHAR}
    </foreach>
    </select>
    <resultMap id="ResultMap2" type="sinosoft.platform.riskType.beans.RiskPointDescribe" >
        <id column="ID" property="id" jdbcType="VARCHAR" />
        <result column="RISKTYPECODE" property="risktypecode" jdbcType="VARCHAR" />
        <result column="MAINPOINTID" property="mainpointId" jdbcType="VARCHAR" />
        <result column="DESCRIBEID" property="describeId" jdbcType="VARCHAR" />
        <result column="OPERATOR" property="operator" jdbcType="VARCHAR" />
        <result column="CREATEDATETIME" property="createDatetime" jdbcType="TIMESTAMP" />
        <result column="MODIFYDATETIME" property="modifyDatetime" jdbcType="TIMESTAMP" />
        <!-- <result column="riskType_id" property="risktypeId" jdbcType="VARCHAR" /> -->
        <result column="POINTORDER" property="pointOrder" jdbcType="VARCHAR" />
        <result column="RISKTYPENAME" property="risktypeName" jdbcType="VARCHAR" />
        <result column="FAILURETIME" property="failureTime" jdbcType="TIMESTAMP" />
        <result column="ACTIVATIONSTATE" property="activationState" jdbcType="VARCHAR" />
        <result column="MODEL" property="model" jdbcType="VARCHAR" />
        <result column="BUSINESSTYPE" property="businessType" jdbcType="VARCHAR" />
        <result column="MODIFIER" property="modifier" jdbcType="VARCHAR" />
        <result column="RELEASE_OPERATOR" property="releaseOperator" jdbcType="VARCHAR" />
        <result column="productTypeName" property="productTypeName" jdbcType="VARCHAR" />
        <result column="businessTypeName" property="businessTypeName" jdbcType="VARCHAR" />
        <result column="PRODUCTTYPE_CODE" property="productTypeCode" jdbcType="VARCHAR" />
        <result column="DESCRIBE_CONTENT" property="describeContent" jdbcType="VARCHAR" />
    </resultMap>
    <select id="selectNewRiskPointInfoByid" parameterType="java.lang.String" resultMap="ResultMap2">
        select ID , RISKTYPECODE, MAINPOINTID, DESCRIBEID, t1.Operator, CREATEDATETIME,
    MODIFYDATETIME,POINTORDER,RISKTYPENAME,FAILURETIME,ACTIVATIONSTATE,BUSINESSTYPE,MODIFIER,RELEASE_OPERATOR,PRODUCTTYPE_CODE ,t2.describe_content
     from ld_point_describe t1 left join ld_describe t2 on t1.describeid = t2.describe_id where ID = #{riskPointId,jdbcType=VARCHAR}
    </select>

    <update id="UpdateDelayedTimeAndDelayedUserNo" >
        update ld_point_describe set EFFECTIVETIME = #{saleTime,jdbcType=VARCHAR},AUDITOR = #{userNo,jdbcType=VARCHAR},activationstate = #{active_state,jdbcType=VARCHAR},UPDATETIME=#{updateTime,jdbcType=TIMESTAMP}
        ,updater=#{updater,jdbcType=VARCHAR}
        where businesstype = #{businessType,jdbcType=VARCHAR} and producttype_code = #{productTypeCode,jdbcType=VARCHAR} and pointorder = #{pointOrder,jdbcType=VARCHAR}
    </update>

</mapper>