<?xml version="1.0" encoding="UTF-8" ?>
<!DOCTYPE mapper PUBLIC "-//mybatis.org//DTD Mapper 3.0//EN" "http://mybatis.org/dtd/mybatis-3-mapper.dtd" >
<mapper namespace="sinosoft.platform.riskType.dao.RiskTypePointMapper" >
  <resultMap id="BaseResultMap" type="sinosoft.platform.riskType.beans.RiskTypePoint" >
    <id column="mainPoint_id" property="mainpointId" jdbcType="VARCHAR" />
    <result column="mainPoint_no" property="mainpointNo" jdbcType="VARCHAR" />
    <result column="mainPoint_name" property="mainpointName" jdbcType="VARCHAR" />
    <result column="operator" property="operator" jdbcType="VARCHAR" />
    <result column="activation_state" property="activationState" jdbcType="VARCHAR" />
     <result column="failure_time" property="failureTime" jdbcType="TIMESTAMP" />
    <result column="create_datetime" property="createDatetime" jdbcType="TIMESTAMP" />
    <result column="modify_datetime" property="modifyDatetime" jdbcType="TIMESTAMP" />
    <result column="organ_id" property="oragancode" jdbcType="VARCHAR" />
  </resultMap>
  <sql id="Base_Column_List" >
    mainPoint_id, mainPoint_no, mainPoint_name, operator, create_datetime, modify_datetime,activationState,failureTime
  </sql>
    <select id="selectByFilter" resultMap="BaseResultMap">
	  	select
	  	<include refid="Base_Column_List" />
	  	from ld_risktypepoint where 1=1 
	  	<if test="riskTypePoint.mainpointNo != null and riskTypePoint.mainpointNo !='' "> 
	  		AND MAINPOINT_NO=#{riskTypePoint.mainpointNo} 
	  	</if>
	  	<if test="riskTypePoint.mainpointName != null and riskTypePoint.mainpointName !='' "> 
	  		AND MAINPOINT_NO=#{riskTypePoint.mainpointName} 
	  	</if>
	  	<if test="riskTypePoint.oragancode !=null and riskTypePoint.oragancode!='' and riskTypePoint.oragancode !='ALL'">
	  		and organ_id like #{riskTypePoint.oragancode}||'%'
	  	</if>
	  		ORDER BY MAINPOINT_ID  
	 </select>
  <select id="selectByPrimaryKey" resultMap="BaseResultMap" parameterType="java.lang.String" >
    select 
    <include refid="Base_Column_List" />
    from ld_risktypepoint
    where mainPoint_id = #{mainpointId,jdbcType=VARCHAR}
  </select>
    <select id="queryId" resultMap="BaseResultMap" parameterType="java.lang.String" >
    select 
    <include refid="Base_Column_List" />
    from ld_risktypepoint
    where mainPoint_id = #{DescribeVo.mainpointId,jdbcType=VARCHAR}
  </select>
  <delete id="deleteByPrimaryKey" parameterType="java.lang.String" >
    delete from ld_risktypepoint
    where mainPoint_id = #{mainpointId,jdbcType=VARCHAR}
  </delete>
  <insert id="insert" parameterType="sinosoft.platform.riskType.beans.RiskTypePoint" >
    insert into ld_risktypepoint (mainPoint_id, mainPoint_no, mainPoint_name, 
      operator, create_datetime, modify_datetime,organ_id
      )
    values (#{mainpointId,jdbcType=VARCHAR}, #{mainpointNo,jdbcType=VARCHAR}, #{mainpointName,jdbcType=VARCHAR}, 
      #{operator,jdbcType=VARCHAR}, #{createDatetime,jdbcType=TIMESTAMP}, #{modifyDatetime,jdbcType=TIMESTAMP},#{oragancode,jdbcType=VARCHAR}
      )
  </insert>
  <insert id="insertSelective" parameterType="sinosoft.platform.riskType.beans.RiskTypePoint" >
    insert into ld_risktypepoint
    <trim prefix="(" suffix=")" suffixOverrides="," >
      <if test="mainpointId != null" >
        mainPoint_id,
      </if>
      <if test="mainpointNo != null" >
        mainPoint_no,
      </if>
      <if test="mainpointName != null" >
        mainPoint_name,
      </if>
      <if test="operator != null" >
        operator,
      </if>
      <if test="createDatetime != null" >
        create_datetime,
      </if>
      <if test="modifyDatetime != null" >
        modify_datetime,
      </if>
    </trim>
    <trim prefix="values (" suffix=")" suffixOverrides="," >
      <if test="mainpointId != null" >
        #{mainpointId,jdbcType=VARCHAR},
      </if>
      <if test="mainpointNo != null" >
        #{mainpointNo,jdbcType=VARCHAR},
      </if>
      <if test="mainpointName != null" >
        #{mainpointName,jdbcType=VARCHAR},
      </if>
      <if test="operator != null" >
        #{operator,jdbcType=VARCHAR},
      </if>
      <if test="createDatetime != null" >
        #{createDatetime,jdbcType=TIMESTAMP},
      </if>
      <if test="modifyDatetime != null" >
        #{modifyDatetime,jdbcType=TIMESTAMP},
      </if>
    </trim>
  </insert>
  <update id="updateByPrimaryKeySelective" parameterType="sinosoft.platform.riskType.beans.RiskTypePoint" >
    update ld_risktypepoint
    <set >
      <if test="mainpointNo != null" >
        mainPoint_no = #{mainpointNo,jdbcType=VARCHAR},
      </if>
      <if test="mainpointName != null" >
        mainPoint_name = #{mainpointName,jdbcType=VARCHAR},
      </if>
      <if test="operator != null" >
        operator = #{operator,jdbcType=VARCHAR},
      </if>
      <if test="createDatetime != null" >
        create_datetime = #{createDatetime,jdbcType=TIMESTAMP},
      </if>
      <if test="modifyDatetime != null" >
        modify_datetime = #{modifyDatetime,jdbcType=TIMESTAMP},
      </if>
    </set>
    where mainPoint_id = #{mainpointId,jdbcType=VARCHAR}
  </update>
  <update id="updateByPrimaryKey" parameterType="sinosoft.platform.riskType.beans.RiskTypePoint" >
    update ld_risktypepoint
    set mainPoint_no = #{mainpointNo,jdbcType=VARCHAR},
      mainPoint_name = #{mainpointName,jdbcType=VARCHAR},
      operator = #{operator,jdbcType=VARCHAR},
      create_datetime = #{createDatetime,jdbcType=TIMESTAMP},
      modify_datetime = #{modifyDatetime,jdbcType=TIMESTAMP}
    where mainPoint_id = #{mainpointId,jdbcType=VARCHAR}
  </update>
</mapper>