<?xml version="1.0" encoding="UTF-8" ?>
<!DOCTYPE mapper PUBLIC "-//mybatis.org//DTD Mapper 3.0//EN" "http://mybatis.org/dtd/mybatis-3-mapper.dtd" >
<mapper namespace="sinosoft.platform.riskType.dao.RiskTypeMapper" >
  <resultMap id="BaseResultMap" type="sinosoft.platform.riskType.beans.RiskType" >
    <id column="ID" property="id" jdbcType="VARCHAR" />
    <result column="RISKTYPECODE" property="risktypecode" jdbcType="VARCHAR" />
    <result column="RISKTYPENAME" property="risktypename" jdbcType="VARCHAR" />
    <result column="MAINPOINTID" property="mainpointid" jdbcType="VARCHAR" />
    <result column="DESCRIBEID" property="describeid" jdbcType="VARCHAR" />
    <result column="ORGANID" property="organid" jdbcType="VARCHAR" />
    <result column="OPERATOR" property="operator" jdbcType="VARCHAR" />
    <result column="CREATEDATETIME" property="createdatetime" jdbcType="TIMESTAMP" />
    <result column="MODIFYDATETIME" property="modifydatetime" jdbcType="TIMESTAMP" />
    <result column="POINTORDER" property="pointorder" jdbcType="VARCHAR" />
    <result column="FAILURETIME" property="failureTime" jdbcType="TIMESTAMP" />
    <result column="ACTIVATIONSTATE" property="activationState" jdbcType="VARCHAR" />
    <result column="BUSINESSTYPENO" property="businessTypeNo" jdbcType="VARCHAR" />
     <result column="MODIFIER" property="modifier" jdbcType="VARCHAR" />
      <result column="RELEASE_OPERATOR" property="releaseOperator" jdbcType="VARCHAR" />
  </resultMap>
  <sql id="Base_Column_List" >
    ID, RISKTYPECODE, RISKTYPENAME, MAINPOINTID, DESCRIBEID, ORGANID, OPERATOR, CREATEDATETIME, 
    MODIFYDATETIME, POINTORDER,FAILURETIME,ACTIVATIONSTATE,MODIFIER,RELEASE_OPERATOR
  </sql>  

  <select id="selectByPrimaryKey" resultMap="BaseResultMap" parameterType="java.lang.String" >
    select 
    <include refid="Base_Column_List" />
    from ld_point_describe
    where ID = #{id,jdbcType=VARCHAR}
  </select>
  <select id="selectByPrimaryKeyByList" resultMap="BaseResultMap" parameterType="java.util.List" >
    select
    <include refid="Base_Column_List" />
    from ld_point_describe
    where ID in
    <foreach item="key" index="index" collection="list" open="(" separator="," close=")">
      #{key,jdbcType=VARCHAR}
    </foreach>
  </select>
    <select id="selectRiskTypeNameByCode" resultMap="BaseResultMap" parameterType="java.lang.String" >
    select 
    <include refid="Base_Column_List" />
    from ld_point_describe
    where RISKTYPECODE = #{risktypecode,jdbcType=VARCHAR}
  </select> 
  <select id="selectBusinessType" resultType="java.lang.String" parameterType="java.lang.String" >
	select (select l.businesstype from ld_business l where e.businesstypeno=l.businesstypeno 
	and l.salestatus!='3') businesstype from es_risktype e where e.activation_state!='3' 
	and e.risktypecode=#{risktypecode,jdbcType=VARCHAR}
  <!-- select BUSINESSTYPENO from ES_PRODUCT_MANAGE where product_code=#{risktypecode,jdbcType=VARCHAR} and state='1' -->
  </select>
  <select id="selectBusinessType2" resultType="java.lang.String" parameterType="java.lang.String" >	
  	select BUSINESSTYPENO from ES_PRODUCT_MANAGE where product_code=#{risktypecode,jdbcType=VARCHAR} and state='1'
  </select>
  <select id="selectRiskTypeNo" resultType="java.lang.String" parameterType="java.lang.String" >
	 select PRODUCT_TYPE_CODE  from ES_PRODUCT_MANAGE where product_code=#{risktypecode,jdbcType=VARCHAR} and state='1'
  </select>
  <select id="selectRiskTypeIdByCode" resultType="java.lang.String" parameterType="java.lang.String" >
	 select risktypeid from es_risktype  where RISKTYPECODE = #{risktypecode,jdbcType=VARCHAR} and ACTIVATION_STATE!='3'
	
  </select>
   <select id="getRiskTypeCodeList" resultType="sinosoft.framework.core.beans.DictVo"  parameterType="java.lang.String" >
	SELECT
	E.risktypecode
VALUE
	,
	E.risktypename text
FROM
	es_risktype E
WHERE

	E.activation_state = '1'

AND E.businesstypeno = #{businessType, jdbcType = VARCHAR}

  </select>
   <select id="getRiskTypeCodeList1" resultType="sinosoft.framework.core.beans.DictVo"  parameterType="java.lang.String" >
	SELECT
	E.risktypecode
VALUE
	,
	E.risktypename text
FROM
	es_risktype E
WHERE

	E.activation_state = '1'
<if test="businessType!=null" >
 AND E.businesstypeno = #{businessType, jdbcType = VARCHAR}
</if>
  </select>
   <!-- <select id="getPointNameAndPointCodeList" resultType="sinosoft.framework.core.beans.DictVo"  parameterType="java.lang.String" >
	SELECT distinct mainpoint_id AS VALUE,mainpoint_name AS text FROM ld_point where ACTIVATION_STATE!='3' 
	and business_type=#{risktypecode, jdbcType = VARCHAR} 
	UNION ALL
	SELECT distinct mainpoint_id AS VALUE,mainpoint_name AS text FROM ld_point where ACTIVATION_STATE!='3' 
	and business_type is null
  </select>
   <select id="getPointNameAndPointCodeList" resultType="sinosoft.framework.core.beans.DictVo"  parameterType="java.lang.String" >
	SELECT distinct mainpoint_id AS VALUE,mainpoint_name AS text FROM ld_point where ACTIVATION_STATE!='3' 
	and business_type=#{risktypecode, jdbcType = VARCHAR} 
	UNION ALL
	SELECT distinct mainpoint_id AS VALUE,mainpoint_name AS text FROM ld_point where ACTIVATION_STATE!='3' 
	and business_type is null
  </select> -->
   <select id="getPointNameAndPointCodeList" resultType="sinosoft.framework.core.beans.DictVo"  parameterType="java.lang.String" >
	SELECT distinct mainpoint_id AS VALUE,mainpoint_name AS text FROM ld_point where ACTIVATION_STATE!='3' 
	and business_type=#{risktypecode, jdbcType = VARCHAR} 
	UNION ALL
	SELECT distinct mainpoint_id AS VALUE,mainpoint_name AS text FROM ld_point where ACTIVATION_STATE!='3' 
	and business_type is null
  </select>
  	<select id="getRiskTypeForRelease" resultType="java.lang.Integer"  parameterType="java.lang.String" >
    select count(ID) from ld_point_describe
    where ID in (${id}) and activationstate='1'
  </select>
  <select id="getRiskTypeForCancelRelease" resultType="java.lang.Integer"  parameterType="java.lang.String" >
    select count(ID) from ld_point_describe
    where ID in (${id}) and activationstate in ('0','2')
  </select>
  <delete id="deleteByPrimaryKey" parameterType="java.lang.String" >
    delete from ld_point_describe
    where ID = #{id,jdbcType=VARCHAR}
  </delete>
  <insert id="insert" parameterType="sinosoft.platform.riskType.beans.RiskType" >
    insert into ld_point_describe (ID, RISKTYPECODE, RISKTYPENAME, 
      MAINPOINTID, DESCRIBEID, ORGANID, 
      OPERATOR, CREATEDATETIME, MODIFYDATETIME, 
      POINTORDER,FAILURETIME,ACTIVATIONSTATE,MODEL,MODIFIER,RELEASE_OPERATOR)
    values (#{id,jdbcType=VARCHAR}, #{risktypecode,jdbcType=VARCHAR}, #{risktypename,jdbcType=VARCHAR}, 
      #{mainpointid,jdbcType=VARCHAR}, #{describeid,jdbcType=VARCHAR}, #{organid,jdbcType=VARCHAR}, 
      #{operator,jdbcType=VARCHAR}, #{createdatetime,jdbcType=TIMESTAMP}, #{modifydatetime,jdbcType=TIMESTAMP}, 
      #{pointorder,jdbcType=VARCHAR},#{failureTime,jdbcType=TIMESTAMP},#{activationState,jdbcType=VARCHAR},
      #{model,jdbcType=VARCHAR},#{modifier,jdbcType=VARCHAR},#{releaseOperator,jdbcType=VARCHAR})
  </insert>
  <insert id="insertSelective" parameterType="sinosoft.platform.riskType.beans.RiskType" >
    insert into ld_point_describe
    <trim prefix="(" suffix=")" suffixOverrides="," >
      <if test="id != null" >
        ID,
      </if>
      <if test="risktypecode != null" >
        RISKTYPECODE,
      </if>
         <if test="modifier != null" >
        MODIFIER,
      </if>
         <if test="releaseOperator != null" >
        RELEASE_OPERATOR,
      </if>
      <if test="risktypename != null" >
        RISKTYPENAME,
      </if>
      <if test="mainpointid != null" >
        MAINPOINTID,
      </if>
      <if test="describeid != null" >
        DESCRIBEID,
      </if>
      <if test="organid != null" >
        ORGANID,
      </if>
      <if test="operator != null" >
        OPERATOR,
      </if>
      <if test="createdatetime != null" >
        CREATEDATETIME,
      </if>
      <if test="modifydatetime != null" >
        MODIFYDATETIME,
      </if>
      <if test="pointorder != null" >
        POINTORDER,
      </if>
    </trim>
    <trim prefix="values (" suffix=")" suffixOverrides="," >
      <if test="id != null" >
        #{id,jdbcType=VARCHAR},
      </if>
      <if test="risktypecode != null" >
        #{risktypecode,jdbcType=VARCHAR},
      </if>
       <if test="modifier != null" >
        #{modifier,jdbcType=VARCHAR},
      </if>
      <if test="releaseOperator != null" >
       #{releaseOperator,jdbcType=VARCHAR},
      </if>
      <if test="risktypename != null" >
        #{risktypename,jdbcType=VARCHAR},
      </if>
      <if test="mainpointid != null" >
        #{mainpointid,jdbcType=VARCHAR},
      </if>
      <if test="describeid != null" >
        #{describeid,jdbcType=VARCHAR},
      </if>
      <if test="organid != null" >
        #{organid,jdbcType=VARCHAR},
      </if>
      <if test="operator != null" >
        #{operator,jdbcType=VARCHAR},
      </if>
      <if test="createdatetime != null" >
        #{createdatetime,jdbcType=TIMESTAMP},
      </if>
      <if test="modifydatetime != null" >
        #{modifydatetime,jdbcType=TIMESTAMP},
      </if>
      <if test="pointorder != null" >
        #{pointorder,jdbcType=VARCHAR},
      </if>
    </trim>
  </insert>
  <update id="updateByPrimaryKeySelective" parameterType="sinosoft.platform.riskType.beans.RiskType" >
    update ld_point_describe
    <set >
      <if test="risktypecode != null" >
        RISKTYPECODE = #{risktypecode,jdbcType=VARCHAR},
      </if>
        <if test="modifier != null" >
        MODIFIER=#{modifier,jdbcType=VARCHAR},
      </if>
         <if test="releaseOperator != null" >
        RELEASE_OPERATOR=#{releaseOperator,jdbcType=VARCHAR},
      </if>
      <if test="risktypename != null" >
        RISKTYPENAME = #{risktypename,jdbcType=VARCHAR},
      </if>
      <if test="mainpointid != null" >
        MAINPOINTID = #{mainpointid,jdbcType=VARCHAR},
      </if>
      <if test="describeid != null" >
        DESCRIBEID = #{describeid,jdbcType=VARCHAR},
      </if>
      <if test="organid != null" >
        ORGANID = #{organid,jdbcType=VARCHAR},
      </if>
      <if test="operator != null" >
        OPERATOR = #{operator,jdbcType=VARCHAR},
      </if>
      <if test="createdatetime != null" >
        CREATEDATETIME = #{createdatetime,jdbcType=TIMESTAMP},
      </if>
      <if test="modifydatetime != null" >
        MODIFYDATETIME = #{modifydatetime,jdbcType=TIMESTAMP},
      </if>
      <if test="pointorder != null" >
        POINTORDER = #{pointorder,jdbcType=VARCHAR},
      </if>
      <if test="failureTime != null" >
        FAILURETIME = #{failureTime,jdbcType=TIMESTAMP},
      </if>
      <if test="activationState != null" >
        ACTIVATIONSTATE = #{activationState,jdbcType=VARCHAR},
      </if>
      <if test="describeContent != null" >
        DESCRIBE_CONTENT = #{describeContent,jdbcType=VARCHAR},
      </if>
      <if test="auditor != null" >
        AUDITOR = #{auditor,jdbcType=VARCHAR},
      </if>
      <if test="effectivetime != null" >
        EFFECTIVETIME = #{effectivetime,jdbcType=VARCHAR},
      </if>
      <if test="updater != null" >
        updater = #{updater,jdbcType=VARCHAR},
      </if>
      <if test="updateTime != null" >
        updateTime = #{updateTime,jdbcType=TIMESTAMP},
      </if>
    </set>
    where ID = #{id,jdbcType=VARCHAR}
  </update>  
  <update id="updateByPrimaryKeyList" parameterType="sinosoft.platform.riskType.beans.RiskType" >
    update ld_point_describe
    set ACTIVATIONSTATE ='2',
    where ID in {id,jdbcType=VARCHAR}
  </update>
  <update id="updateByPrimaryKey" parameterType="sinosoft.platform.riskType.beans.RiskType" >
    update ld_point_describe
    set RISKTYPECODE = #{risktypecode,jdbcType=VARCHAR},
      RISKTYPENAME = #{risktypename,jdbcType=VARCHAR},
      MAINPOINTID = #{mainpointid,jdbcType=VARCHAR},
      DESCRIBEID = #{describeid,jdbcType=VARCHAR},
      ORGANID = #{organid,jdbcType=VARCHAR},
      OPERATOR = #{operator,jdbcType=VARCHAR},
      CREATEDATETIME = #{createdatetime,jdbcType=TIMESTAMP},
      MODIFYDATETIME = #{modifydatetime,jdbcType=TIMESTAMP},
      POINTORDER = #{pointorder,jdbcType=VARCHAR},
      MODIFIER=#{modifier,jdbcType=VARCHAR},
      RELEASE_OPERATOR=#{releaseOperator,jdbcType=VARCHAR}
    where ID = #{id,jdbcType=VARCHAR}
  </update>
</mapper>