<?xml version="1.0" encoding="UTF-8" ?>
<!DOCTYPE mapper PUBLIC "-//mybatis.org//DTD Mapper 3.0//EN" "http://mybatis.org/dtd/mybatis-3-mapper.dtd" >
<mapper namespace="sinosoft.project.dockingface.qc.QualityMapper" >
 
  <select id="queryQuality" resultType="sinosoft.project.dockingface.qc.Quality" parameterType="java.lang.String" >
    <!--  select businessno issueid,doccode,repeatpersoncode agentid,qcoperator,risktypecode qualityId,qcrecordcount 
     from es_video_main where businessno=#{0} -->
  	 select evm.businessno issueid,evm.doccode,evm.agentid,evm.qcoperator,evm.risktypecode qualityId,evm.qcrecordcount,
      eqm.ISSUETYPES troubletype,eqm.issuedesc troublerelate,eqm.MODIFY_DATATIME createDate,
     eqm.remarks 
     from es_video_main evm,ES_QC_MAIN eqm  where evm.businessno=#{0} and  evm.BUSINESSNO=EQM.BUSINESSNO	
  </select>
  
    <select id="queryWenTiList" resultType="sinosoft.project.dockingface.qc.Quality" parameterType="java.lang.String" >
    	SELECT issue_type troubletype,issuedesc troublerelate,issuedate createDate
				from la_troubleinfo LEFT JOIN sys_troubles 
				ON ISSUETYPES = tsid where BUSINESSNO = #{0} and status='0'
  </select>
  <select id="queryWenTiList1" resultType="sinosoft.project.dockingface.qc.Quality" parameterType="java.lang.String" >
    	select '质检通过' troubletype,'该保单质检合格' troublerelate ,sysdate() createDate,doccode from es_video_main where BUSINESSNO = #{0}
  </select>
  <select id="queryWenTiPointList" resultType="sinosoft.project.qcac.vo.QcPointVo" parameterType="java.lang.String" >
	

			<!-- SELECT 
				lpd . ID  ,
				lpd.POINTORDER "order",
				lpd . mainpointid  qcpointcode,
				lpd . DESCRIBEID ,
				eqp . MainPointID  pointid,
				eqp . describe_ids  tallid,
				ldp.mainPoint_name pointtext,
				eqp.describetext talltext,
				ldd.describe_content talltext,
				lpd.risktypecode risktypecode,
				esp.PRODUCT_NAME risktypename,
				esp.PRODUCT_TYPE_CODE risktype,
				lpd.organid comcode
				FROM ld_point_describe lpd,
			 	es_qc_point eqp,ld_describe ldd,ld_point ldp,es_product_manage esp WHERE lpd.MAINPOINTID = eqp.MainPointID 
				AND lpd.DESCRIBEID = eqp.describe_ids and ldp.mainPoint_id=eqp.MainPointID and ldd.describe_id=eqp.describe_ids
				and esp.PRODUCT_CODE=lpd.risktypecode
				and eqp.BUSINESSNO=#{bussno} and lpd.RISKTYPECODE in (${risktypecode}) and lpd.ACTIVATIONSTATE='1' and eqp.status='0'  --> 
<!-- 				SELECT  -->
<!-- 				lpd . ID  , -->
<!-- 				lpd.POINTORDER "order", -->
<!-- 				lpd . mainpointid  qcpointcode, -->
<!-- 				lpd . DESCRIBEID , -->
<!-- 				eqp . MainPointID  pointid, -->
<!-- 				eqp . describe_ids  tallid, -->
<!-- 				(select ldp.mainPoint_name from ld_point ldp where ldp.mainPoint_id=eqp.MainPointID) pointtext, -->
<!-- 				eqp.describetext talltext, -->
<!-- 				lpd.risktypecode risktypecode, -->
<!-- 				lpd.producttype_code risktype, -->
<!-- 				(select esp.PRODUCT_NAME from es_product_manage esp where esp.PRODUCT_CODE=lpd.risktypecode and esp.STATE!='3') risktypename,				 -->
<!-- 				lpd.organid comcode -->
<!-- 				FROM ld_point_describe lpd, -->
<!-- 			 	es_qc_point eqp WHERE lpd.MAINPOINTID = eqp.MainPointID  -->
<!-- 				AND lpd.DESCRIBEID = eqp.describe_ids  -->
<!-- 				and eqp.BUSINESSNO=#{bussno} and lpd.RISKTYPECODE in (${risktypecode}) and lpd.ACTIVATIONSTATE='1' and eqp.status='0' -->
SELECT  
  esc.MainPointID qcpointcode,
  esc.pointattention pointtext,
  esc.describe_ids DESCRIBEID,
  esc.describe_ids tallid,
  esc.describetext talltext,
  esc.imgtimepointorder "order"
  FROM
  es_qc_point esc
  where 
  esc.BUSINESSNO=#{bussno}
  and  esc.status='0'

  </select>
  <select id="getriskName" parameterType="java.lang.String" resultType="java.lang.String" >
  			<!-- select INSURANCE_NAME from es_product_manage where INSURANCE_CODE=#{0} -->
  			select PRODUCT_NAME from es_product_manage where PRODUCT_CODE=#{0}
  </select>
  
  
  
  
  
</mapper>